year,rank,award,name,native_name,country,app_id,prefix,image_url
2025,1,,Josh Sim,,Malaysia,W102-4863,20252,https://iaplc.com/gallery/en/image/preview?prefix=20252&app_id=W102-4863
2025,2,,Gang Zhao,赵刚,People’s Republic of China,W111-0803,20252,https://iaplc.com/gallery/en/image/preview?prefix=20252&app_id=W111-0803
2025,3,,Katsuki Tanaka,タナカ カツキ,Japan,J113-4143,20252,https://iaplc.com/gallery/en/image/preview?prefix=20252&app_id=J113-4143
2025,4,,HIDEKAZU TSUKIJI,築地 秀和,Japan,J103-9621,20252,https://iaplc.com/gallery/en/image/preview?prefix=20252&app_id=J103-9621
2025,5,,Kiat Fuil Yap,,Malaysia,W100-3998,20252,https://iaplc.com/gallery/en/image/preview?prefix=20252&app_id=W100-3998
2025,6,,Francesco Rampinelli francesco rampinelli,,Italy,W105-2962,20252,https://iaplc.com/gallery/en/image/preview?prefix=20252&app_id=W105-2962
2025,7,,Qi Lin,林齐,People’s Republic of China,W124-0995,20252,https://iaplc.com/gallery/en/image/preview?prefix=20252&app_id=W124-0995
2025,8,,Liang Jihang,梁继航,People’s Republic of China,W128-1005,20252,https://iaplc.com/gallery/en/image/preview?prefix=20252&app_id=W128-1005
2025,9,,Tom Ryan,,Great Britain,W102-1250,20252,https://iaplc.com/gallery/en/image/preview?prefix=20252&app_id=W102-1250
2025,10,,Thomas Gueguen,,France,W102-0490,20252,https://iaplc.com/gallery/en/image/preview?prefix=20252&app_id=W102-0490
2025,11,,Liwei Guan,关利伟,People’s Republic of China,W123-1015,20252,https://iaplc.com/gallery/en/image/preview?prefix=20252&app_id=W123-1015
2025,13,,Anqi Huang,黄安琪,People’s Republic of China,W120-1034,20252,https://iaplc.com/gallery/en/image/preview?prefix=20252&app_id=W120-1034
2025,14,,Jiancong Liang,梁健聪,People’s Republic of China,W105-1264,20252,https://iaplc.com/gallery/en/image/preview?prefix=20252&app_id=W105-1264
2025,15,,HA LE TRINH,,Vietnam,W118-2173,20252,https://iaplc.com/gallery/en/image/preview?prefix=20252&app_id=W118-2173
2025,16,,Yoo Jungwoo,유정우,Republic of Korea,W113-7785,20252,https://iaplc.com/gallery/en/image/preview?prefix=20252&app_id=W113-7785
2025,17,,Zhemin Fan,范哲敏,People’s Republic of China,W121-1041,20252,https://iaplc.com/gallery/en/image/preview?prefix=20252&app_id=W121-1041
2025,18,,Thao Tran,,Vietnam,W122-0177,20252,https://iaplc.com/gallery/en/image/preview?prefix=20252&app_id=W122-0177
2025,19,,Luis Carlos Galarraga,,Brazil,W113-4295,20252,https://iaplc.com/gallery/en/image/preview?prefix=20252&app_id=W113-4295
2025,20,,Kelvin Soh Soh Boon Heng,,Singapore,W107-1523,20252,https://iaplc.com/gallery/en/image/preview?prefix=20252&app_id=W107-1523
2025,21,,Pavol Kulanda,,Great Britain,W101-0608,20252,https://iaplc.com/gallery/en/image/preview?prefix=20252&app_id=W101-0608
2025,22,,LUQMAN AZIZ Luqman Aziz,,Malaysia,W106-3445,20252,https://iaplc.com/gallery/en/image/preview?prefix=20252&app_id=W106-3445
2025,23,,Mizuki Yasuda,保田 瑞基,Japan,J114-9030,20252,https://iaplc.com/gallery/en/image/preview?prefix=20252&app_id=J114-9030
2025,24,,Luiz Junior,,Brazil,W114-7888,20252,https://iaplc.com/gallery/en/image/preview?prefix=20252&app_id=W114-7888
2025,25,,Takahiro Ogawa,小川 貴大,Japan,J102-8424,20252,https://iaplc.com/gallery/en/image/preview?prefix=20252&app_id=J102-8424
2025,26,,Long Tran Hoang,,Vietnam,W128-0620,20252,https://iaplc.com/gallery/en/image/preview?prefix=20252&app_id=W128-0620
2025,27,,Luis Cardoso,,Portugal,W107-9872,20252,https://iaplc.com/gallery/en/image/preview?prefix=20252&app_id=W107-9872
2025,28,,Adrian Cristian Asaftei Adrian Cristian Asaftei,,Romania,W116-9966,20252,https://iaplc.com/gallery/en/image/preview?prefix=20252&app_id=W116-9966
2025,29,,Philip Schwarz,,Austria,W115-6336,20252,https://iaplc.com/gallery/en/image/preview?prefix=20252&app_id=W115-6336
2025,30,,John Pini,,United States of America,W110-1164,20252,https://iaplc.com/gallery/en/image/preview?prefix=20252&app_id=W110-1164
2025,31,,Hayato Ochi,越智 隼人,Japan,J101-9541,20252,https://iaplc.com/gallery/en/image/preview?prefix=20252&app_id=J101-9541
2025,32,,Nobphacha Yimyou Nobphacha Yimyou,,Thailand,W102-5424,20252,https://iaplc.com/gallery/en/image/preview?prefix=20252&app_id=W102-5424
2025,33,,Thorsten Peetz,,Germany,W100-5955,20252,https://iaplc.com/gallery/en/image/preview?prefix=20252&app_id=W100-5955
2025,34,,JIN LIANG,梁劲,People’s Republic of China,W105-4613,20252,https://iaplc.com/gallery/en/image/preview?prefix=20252&app_id=W105-4613
2025,35,,Marco Kowal Marco Kowal,,Netherlands,W110-2329,20252,https://iaplc.com/gallery/en/image/preview?prefix=20252&app_id=W110-2329
2025,36,,Jirawong Laopiyasakul,,Thailand,W108-1683,20252,https://iaplc.com/gallery/en/image/preview?prefix=20252&app_id=W108-1683
2025,37,,Taegi Yoon,,Republic of Korea,W101-3914,20252,https://iaplc.com/gallery/en/image/preview?prefix=20252&app_id=W101-3914
2025,38,,Yoyo Prayogi,,Indonesia,W100-7468,20252,https://iaplc.com/gallery/en/image/preview?prefix=20252&app_id=W100-7468
2025,39,,Fabian Beck,,Germany,W104-0444,20252,https://iaplc.com/gallery/en/image/preview?prefix=20252&app_id=W104-0444
2025,40,,Li Shuang,李爽,People’s Republic of China,W123-1058,20252,https://iaplc.com/gallery/en/image/preview?prefix=20252&app_id=W123-1058
2025,41,,Yoshihiro Shiga,志賀 美洋,Japan,J113-1084,20252,https://iaplc.com/gallery/en/image/preview?prefix=20252&app_id=J113-1084
2025,42,,Ilhong Jeong,,Republic of Korea,W115-8625,20252,https://iaplc.com/gallery/en/image/preview?prefix=20252&app_id=W115-8625
2025,43,,JP Canones,,Great Britain,W119-5886,20252,https://iaplc.com/gallery/en/image/preview?prefix=20252&app_id=W119-5886
2025,44,,KiYeong Kim,,Republic of Korea,W104-5385,20252,https://iaplc.com/gallery/en/image/preview?prefix=20252&app_id=W104-5385
2025,45,,JELANTOI LANTOI,,Malaysia,W119-0999,20252,https://iaplc.com/gallery/en/image/preview?prefix=20252&app_id=W119-0999
2025,46,,Daniel Basseto,,Brazil,W101-8496,20252,https://iaplc.com/gallery/en/image/preview?prefix=20252&app_id=W101-8496
2025,47,,Nobuhiko Kawashima,川島 信彦,Japan,J122-0560,20252,https://iaplc.com/gallery/en/image/preview?prefix=20252&app_id=J122-0560
2025,48,,Alexander Hecht Alexander Hecht,,Austria,W117-5539,20252,https://iaplc.com/gallery/en/image/preview?prefix=20252&app_id=W117-5539
2025,49,,Marcin Biedal BIEDAL MARCIN,,Poland,W106-9614,20252,https://iaplc.com/gallery/en/image/preview?prefix=20252&app_id=W106-9614
2025,50,,Kaio Marques,,Brazil,W119-7018,20252,https://iaplc.com/gallery/en/image/preview?prefix=20252&app_id=W119-7018
2025,51,,Mauricio Andrade,,Brazil,W110-7536,20252,https://iaplc.com/gallery/en/image/preview?prefix=20252&app_id=W110-7536
2025,52,,Rui Li,李瑞,People’s Republic of China,W121-1067,20252,https://iaplc.com/gallery/en/image/preview?prefix=20252&app_id=W121-1067
2025,53,,Patrik Nemeth,,Hungary,W110-4983,20252,https://iaplc.com/gallery/en/image/preview?prefix=20252&app_id=W110-4983
2025,54,,Florian Minnerop,,Austria,W105-0570,20252,https://iaplc.com/gallery/en/image/preview?prefix=20252&app_id=W105-0570
2025,55,,VO TRUONG NGHIA VO TRUONG NGHIA,,Vietnam,W112-4861,20252,https://iaplc.com/gallery/en/image/preview?prefix=20252&app_id=W112-4861
2025,56,,CHAU YUAN WU,余昭渊,Malaysia,W104-7083,20252,https://iaplc.com/gallery/en/image/preview?prefix=20252&app_id=W104-7083
2025,57,,Karsten Duenne,,Germany,W103-7623,20252,https://iaplc.com/gallery/en/image/preview?prefix=20252&app_id=W103-7623
2025,58,,Yosinobu Yamaguchi,山口 欣信,Japan,J110-8559,20252,https://iaplc.com/gallery/en/image/preview?prefix=20252&app_id=J110-8559
2025,60,,Justin Wong Justin Wong,,Canada,W113-7644,20252,https://iaplc.com/gallery/en/image/preview?prefix=20252&app_id=W113-7644
2025,61,,Junkang Sun,孙俊康,People’s Republic of China,W126-1070,20252,https://iaplc.com/gallery/en/image/preview?prefix=20252&app_id=W126-1070
2025,62,,Geyner Medina Kjcc,,Costa Rica,W115-7354,20252,https://iaplc.com/gallery/en/image/preview?prefix=20252&app_id=W115-7354
2025,63,,Seo june Kim,,Republic of Korea,W112-0707,20252,https://iaplc.com/gallery/en/image/preview?prefix=20252&app_id=W112-0707
2025,64,,DONGHYUK LEE,,Republic of Korea,W111-5304,20252,https://iaplc.com/gallery/en/image/preview?prefix=20252&app_id=W111-5304
2025,65,,HUU MINH TRI PHAM,,Vietnam,W116-9638,20252,https://iaplc.com/gallery/en/image/preview?prefix=20252&app_id=W116-9638
2025,66,,Hyoungjoo Jeon,,Republic of Korea,W110-1583,20252,https://iaplc.com/gallery/en/image/preview?prefix=20252&app_id=W110-1583
2025,67,,Ricardo Dalla,,Brazil,W115-7021,20252,https://iaplc.com/gallery/en/image/preview?prefix=20252&app_id=W115-7021
2025,68,,Kazuyoshi Kawata,川田 和由,Japan,J108-8254,20252,https://iaplc.com/gallery/en/image/preview?prefix=20252&app_id=J108-8254
2025,69,,Kenshin Tsutsui,筒井 健心,Japan,J114-8165,20252,https://iaplc.com/gallery/en/image/preview?prefix=20252&app_id=J114-8165
2025,70,,Hoai Tran Thanh,,Vietnam,W117-3490,20252,https://iaplc.com/gallery/en/image/preview?prefix=20252&app_id=W117-3490
2025,71,,Javier Aguero,,Argentina,W114-4328,20252,https://iaplc.com/gallery/en/image/preview?prefix=20252&app_id=W114-4328
2025,72,,Akihide Yamashita,山下 哲秀,Japan,J109-0295,20252,https://iaplc.com/gallery/en/image/preview?prefix=20252&app_id=J109-0295
2025,73,,Halim Manap,,Malaysia,W118-6422,20252,https://iaplc.com/gallery/en/image/preview?prefix=20252&app_id=W118-6422
2025,74,,Atsushi Hayashi,林 睦,Japan,J101-7415,20252,https://iaplc.com/gallery/en/image/preview?prefix=20252&app_id=J101-7415
2025,75,,Seiya Watanabe,渡部 誠也,Japan,J107-3415,20252,https://iaplc.com/gallery/en/image/preview?prefix=20252&app_id=J107-3415
2025,76,,JIAN PENG,彭健,People’s Republic of China,W119-5697,20252,https://iaplc.com/gallery/en/image/preview?prefix=20252&app_id=W119-5697
2025,77,,Ryuji Endo,遠藤 竜仁,Japan,J116-0844,20252,https://iaplc.com/gallery/en/image/preview?prefix=20252&app_id=J116-0844
2025,78,,Dokyun Lim,,Republic of Korea,W112-6575,20252,https://iaplc.com/gallery/en/image/preview?prefix=20252&app_id=W112-6575
2025,79,,Eri Tokusashi,徳差 江里,Japan,J115-7729,20252,https://iaplc.com/gallery/en/image/preview?prefix=20252&app_id=J115-7729
2025,80,,Ryunosuke Obayashi,尾林 龍之介,Japan,J101-4859,20252,https://iaplc.com/gallery/en/image/preview?prefix=20252&app_id=J101-4859
2025,81,,Jean Christophe Grosset,,France,W104-4383,20252,https://iaplc.com/gallery/en/image/preview?prefix=20252&app_id=W104-4383
2025,82,,Mark Clifton mark clifton,,Australia,W107-7320,20252,https://iaplc.com/gallery/en/image/preview?prefix=20252&app_id=W107-7320
2025,83,,Kazuhiko Baba,馬場 和彦,Japan,J119-2587,20252,https://iaplc.com/gallery/en/image/preview?prefix=20252&app_id=J119-2587
2025,84,,Sangjin Kim Sangjin,,Republic of Korea,W102-5251,20252,https://iaplc.com/gallery/en/image/preview?prefix=20252&app_id=W102-5251
2025,85,,Juan Puchades Juan Puchades,,Spain,W103-1335,20252,https://iaplc.com/gallery/en/image/preview?prefix=20252&app_id=W103-1335
2025,86,,Florian Breindl,,Germany,W111-0336,20252,https://iaplc.com/gallery/en/image/preview?prefix=20252&app_id=W111-0336
2025,87,,Xin Wang,王鑫,People’s Republic of China,W124-1087,20252,https://iaplc.com/gallery/en/image/preview?prefix=20252&app_id=W124-1087
2025,88,,Dobrovits David David Dobrovits,,Austria,W112-1340,20252,https://iaplc.com/gallery/en/image/preview?prefix=20252&app_id=W112-1340
2025,89,,Giovanni Boggia,,Italy,W101-4376,20252,https://iaplc.com/gallery/en/image/preview?prefix=20252&app_id=W101-4376
2025,90,,Vera Basilio,,Portugal,W115-7316,20252,https://iaplc.com/gallery/en/image/preview?prefix=20252&app_id=W115-7316
2025,91,,Milos Nikolic,,Serbia,W118-9832,20252,https://iaplc.com/gallery/en/image/preview?prefix=20252&app_id=W118-9832
2025,92,,Aldrin Taroy,,Canada,W114-4528,20252,https://iaplc.com/gallery/en/image/preview?prefix=20252&app_id=W114-4528
2025,93,,Jullawong Prapantha,,Thailand,W114-9251,20252,https://iaplc.com/gallery/en/image/preview?prefix=20252&app_id=W114-9251
2025,94,,Frank Sebastiao,,Canada,W119-7869,20252,https://iaplc.com/gallery/en/image/preview?prefix=20252&app_id=W119-7869
2025,95,,Ong Tan Huy Cuong Ông Tấn Huy Cường,,Vietnam,W109-6948,20252,https://iaplc.com/gallery/en/image/preview?prefix=20252&app_id=W109-6948
2025,96,,Hiroyuki Hokari,帆苅 寛之,Japan,J105-6913,20252,https://iaplc.com/gallery/en/image/preview?prefix=20252&app_id=J105-6913
2025,97,,Benjamin Stofferus,,Belgium,W107-0775,20252,https://iaplc.com/gallery/en/image/preview?prefix=20252&app_id=W107-0775
2025,98,,Adrian Lepe,,Mexico,W116-2901,20252,https://iaplc.com/gallery/en/image/preview?prefix=20252&app_id=W116-2901
2025,99,,TATSUYA UCHIDE,内出 達矢,Japan,J113-9132,20252,https://iaplc.com/gallery/en/image/preview?prefix=20252&app_id=J113-9132
2025,100,,Yasutoshi Ohta,太田 泰俊,Japan,J108-8326,20252,https://iaplc.com/gallery/en/image/preview?prefix=20252&app_id=J108-8326
2025,101,,Wasin Lertpornchaimongkol,,Thailand,W104-9183,20252,https://iaplc.com/gallery/en/image/preview?prefix=20252&app_id=W104-9183
2025,102,,Hironori Handa,半田 浩規,Japan,J118-5443,20252,https://iaplc.com/gallery/en/image/preview?prefix=20252&app_id=J118-5443
2025,103,,Tatsuya Sugimoto,杉本 達哉,Japan,J117-1533,20252,https://iaplc.com/gallery/en/image/preview?prefix=20252&app_id=J117-1533
2025,104,,Cliff Hui,許錦汶,"Hong Kong, China",W116-3009,20252,https://iaplc.com/gallery/en/image/preview?prefix=20252&app_id=W116-3009
2025,105,,Huynh Hai huỳnh,,Vietnam,W112-6017,20252,https://iaplc.com/gallery/en/image/preview?prefix=20252&app_id=W112-6017
2025,106,,KHOA DANG VU ANH,,Vietnam,W116-0988,20252,https://iaplc.com/gallery/en/image/preview?prefix=20252&app_id=W116-0988
2025,107,,Duong Nguyen Dai,,Vietnam,W116-9357,20252,https://iaplc.com/gallery/en/image/preview?prefix=20252&app_id=W116-9357
2025,108,,Bang Huynh,,Vietnam,W108-9722,20252,https://iaplc.com/gallery/en/image/preview?prefix=20252&app_id=W108-9722
2025,109,,Jie Zhang,张劼,People’s Republic of China,W104-9288,20252,https://iaplc.com/gallery/en/image/preview?prefix=20252&app_id=W104-9288
2025,110,,Vladimir Tomek Vladimír Tomek,,Czech Republic,W119-4889,20252,https://iaplc.com/gallery/en/image/preview?prefix=20252&app_id=W119-4889
2025,111,,Hayakawa Masanori,早川 正則,Japan,J107-6300,20252,https://iaplc.com/gallery/en/image/preview?prefix=20252&app_id=J107-6300
2025,112,,Byron Olavere,,Philippines,W118-8267,20252,https://iaplc.com/gallery/en/image/preview?prefix=20252&app_id=W118-8267
2025,113,,Haruka Oohori,大堀 晴香,Japan,J115-9704,20252,https://iaplc.com/gallery/en/image/preview?prefix=20252&app_id=J115-9704
2025,114,,Marcelo Takeno,,Brazil,W124-0246,20252,https://iaplc.com/gallery/en/image/preview?prefix=20252&app_id=W124-0246
2025,115,,Guillaume Debacker,,Belgium,W102-3302,20252,https://iaplc.com/gallery/en/image/preview?prefix=20252&app_id=W102-3302
2025,116,,Younghun Cho,,Republic of Korea,W114-1743,20252,https://iaplc.com/gallery/en/image/preview?prefix=20252&app_id=W114-1743
2025,117,,Huy Nguyen,,Vietnam,W109-7024,20252,https://iaplc.com/gallery/en/image/preview?prefix=20252&app_id=W109-7024
2025,118,,Park Junwoo,,Republic of Korea,W104-5134,20252,https://iaplc.com/gallery/en/image/preview?prefix=20252&app_id=W104-5134
2025,119,,Thanh Tran Ylang Aquarium,,Vietnam,W117-3144,20252,https://iaplc.com/gallery/en/image/preview?prefix=20252&app_id=W117-3144
2025,120,,Abhirup Dasgupta,,India,W113-0934,20252,https://iaplc.com/gallery/en/image/preview?prefix=20252&app_id=W113-0934
2025,121,,Tuan Nguyen Bao,,Vietnam,W103-5326,20252,https://iaplc.com/gallery/en/image/preview?prefix=20252&app_id=W103-5326
2025,122,,NGUYEN TRUNG HIEU,,Vietnam,W110-4730,20252,https://iaplc.com/gallery/en/image/preview?prefix=20252&app_id=W110-4730
2025,123,,Pham Duc Manh,,Vietnam,W117-0103,20252,https://iaplc.com/gallery/en/image/preview?prefix=20252&app_id=W117-0103
2025,124,,Wei Lizi,韦力子,People’s Republic of China,W122-1096,20252,https://iaplc.com/gallery/en/image/preview?prefix=20252&app_id=W122-1096
2025,125,,Wu Yuxiang,吴宇祥,People’s Republic of China,W127-1104,20252,https://iaplc.com/gallery/en/image/preview?prefix=20252&app_id=W127-1104
2025,126,,Kevin Molina,,Mexico,W110-4223,20252,https://iaplc.com/gallery/en/image/preview?prefix=20252&app_id=W110-4223
2025,127,,Nhat Nguyen Minh Minh Nhat,,Vietnam,W114-3644,20252,https://iaplc.com/gallery/en/image/preview?prefix=20252&app_id=W114-3644
2025,128,,Zhao Chen,陈钊,People’s Republic of China,W121-0722,20252,https://iaplc.com/gallery/en/image/preview?prefix=20252&app_id=W121-0722
2025,129,,Yongming Zhang,张永明,People’s Republic of China,W104-3696,20252,https://iaplc.com/gallery/en/image/preview?prefix=20252&app_id=W104-3696
2025,130,,Ryusho Aibara,相原 龍翔,Japan,J115-3323,20252,https://iaplc.com/gallery/en/image/preview?prefix=20252&app_id=J115-3323
2025,131,,YUTO ANZAI,安西 祐斗,Japan,J129-0467,20252,https://iaplc.com/gallery/en/image/preview?prefix=20252&app_id=J129-0467
2025,132,,Takeshi Sadoshima,佐渡島 健,Japan,J129-0093,20252,https://iaplc.com/gallery/en/image/preview?prefix=20252&app_id=J129-0093
2025,133,,Pok Man Lau,劉博文,"Hong Kong, China",W112-6293,20252,https://iaplc.com/gallery/en/image/preview?prefix=20252&app_id=W112-6293
2025,134,,Koji Kogure,小暮 浩司,Japan,J113-7349,20252,https://iaplc.com/gallery/en/image/preview?prefix=20252&app_id=J113-7349
2025,135,,SHIN YOSHIDA,吉田 慎,Japan,J110-7662,20252,https://iaplc.com/gallery/en/image/preview?prefix=20252&app_id=J110-7662
2025,136,,Hayato Iwase,岩瀬 隼,Japan,J111-4745,20252,https://iaplc.com/gallery/en/image/preview?prefix=20252&app_id=J111-4745
2025,137,,Grzegorz Ziomek,,Germany,W109-1955,20252,https://iaplc.com/gallery/en/image/preview?prefix=20252&app_id=W109-1955
2025,138,,Bijan Ghavamian bijan,,Islamic Republic of Iran,W119-2210,20252,https://iaplc.com/gallery/en/image/preview?prefix=20252&app_id=W119-2210
2025,139,,BELLA CHEUNG,张蓓蓓,People’s Republic of China,W102-6729,20252,https://iaplc.com/gallery/en/image/preview?prefix=20252&app_id=W102-6729
2025,140,,Amr Sarwat,,Egypt,W114-4312,20252,https://iaplc.com/gallery/en/image/preview?prefix=20252&app_id=W114-4312
2025,141,,David Maharjan,,Nepal,W119-8724,20252,https://iaplc.com/gallery/en/image/preview?prefix=20252&app_id=W119-8724
2025,142,,Tomoaki Ueno,上野 知明,Japan,J111-4758,20252,https://iaplc.com/gallery/en/image/preview?prefix=20252&app_id=J111-4758
2025,143,,Watanabe Kazuya,渡邉 和也,Japan,J127-0224,20252,https://iaplc.com/gallery/en/image/preview?prefix=20252&app_id=J127-0224
2025,144,,Luis Garzon,,Colombia,W104-1311,20252,https://iaplc.com/gallery/en/image/preview?prefix=20252&app_id=W104-1311
2025,145,,Duan Yuebin,段月斌,People’s Republic of China,W128-1110,20252,https://iaplc.com/gallery/en/image/preview?prefix=20252&app_id=W128-1110
2025,146,,Mahiro Bando,坂東 真弥,Japan,J110-3488,20252,https://iaplc.com/gallery/en/image/preview?prefix=20252&app_id=J110-3488
2025,147,,Michal Perhac,,Slovakia,W105-6261,20252,https://iaplc.com/gallery/en/image/preview?prefix=20252&app_id=W105-6261
2025,148,,Joao Pinheiro,,Portugal,W107-1285,20252,https://iaplc.com/gallery/en/image/preview?prefix=20252&app_id=W107-1285
2025,149,,Dmitriy Noskov,,Russian Federation,W102-5244,20252,https://iaplc.com/gallery/en/image/preview?prefix=20252&app_id=W102-5244
2025,150,,Pornsan Phuthong,,Thailand,W100-6669,20252,https://iaplc.com/gallery/en/image/preview?prefix=20252&app_id=W100-6669
2025,151,,Andrea Feliciano,,Italy,W111-2870,20252,https://iaplc.com/gallery/en/image/preview?prefix=20252&app_id=W111-2870
2025,152,,HIROYUKI MATSUI,松井 裕幸,Japan,J119-2202,20252,https://iaplc.com/gallery/en/image/preview?prefix=20252&app_id=J119-2202
2025,153,,Sufian Suhaimi,,Singapore,W118-0452,20252,https://iaplc.com/gallery/en/image/preview?prefix=20252&app_id=W118-0452
2025,154,,PHAM DUC KIEN,,Vietnam,W103-7047,20252,https://iaplc.com/gallery/en/image/preview?prefix=20252&app_id=W103-7047
2025,155,,Jivko Georgiev,,Bulgaria,W100-6092,20252,https://iaplc.com/gallery/en/image/preview?prefix=20252&app_id=W100-6092
2025,156,,Mingxiang Wei,韦明翔,People’s Republic of China,W118-1726,20252,https://iaplc.com/gallery/en/image/preview?prefix=20252&app_id=W118-1726
2025,157,,HAYATE OKITSU,奥津 颯,Japan,J114-8396,20252,https://iaplc.com/gallery/en/image/preview?prefix=20252&app_id=J114-8396
2025,158,,Naoya Yamada,山田 直也,Japan,J120-0271,20252,https://iaplc.com/gallery/en/image/preview?prefix=20252&app_id=J120-0271
2025,159,,Pravash Kundu,,India,W100-1030,20252,https://iaplc.com/gallery/en/image/preview?prefix=20252&app_id=W100-1030
2025,160,,Yohei Oshima,大嶋 洋平,Japan,J117-5213,20252,https://iaplc.com/gallery/en/image/preview?prefix=20252&app_id=J117-5213
2025,161,,Changhwan Park,,Republic of Korea,W110-9172,20252,https://iaplc.com/gallery/en/image/preview?prefix=20252&app_id=W110-9172
2025,162,,HUGO LIAO,廖國宏,Chinese Taipei,W105-6568,20252,https://iaplc.com/gallery/en/image/preview?prefix=20252&app_id=W105-6568
2025,163,,Nemekhbayar Enkhbat,,Mongolia,W117-2592,20252,https://iaplc.com/gallery/en/image/preview?prefix=20252&app_id=W117-2592
2025,164,,CHIEN CHIH HUANG,黃建誌,Chinese Taipei,W102-7198,20252,https://iaplc.com/gallery/en/image/preview?prefix=20252&app_id=W102-7198
2025,165,,KIM CHANWOO KIM CHANWOO,,Republic of Korea,W113-6053,20252,https://iaplc.com/gallery/en/image/preview?prefix=20252&app_id=W113-6053
2025,166,,Masashi Ono,小野 昌志,Japan,J107-4495,20252,https://iaplc.com/gallery/en/image/preview?prefix=20252&app_id=J107-4495
2025,167,,SHOTA MUROI,室井 翔太,Japan,J115-9243,20252,https://iaplc.com/gallery/en/image/preview?prefix=20252&app_id=J115-9243
2025,168,,SOMEN BANERJEE,,India,W102-5414,20252,https://iaplc.com/gallery/en/image/preview?prefix=20252&app_id=W102-5414
2025,169,,Steve Leathead Steve Leathead,,United States of America,W107-3723,20252,https://iaplc.com/gallery/en/image/preview?prefix=20252&app_id=W107-3723
2025,170,,Flaviu Zapartan,,Romania,W113-9418,20252,https://iaplc.com/gallery/en/image/preview?prefix=20252&app_id=W113-9418
2025,171,,Saitou Naoki,齋藤 直樹,Japan,J110-3061,20252,https://iaplc.com/gallery/en/image/preview?prefix=20252&app_id=J110-3061
2025,172,,Phuc Pham,,Vietnam,W108-4785,20252,https://iaplc.com/gallery/en/image/preview?prefix=20252&app_id=W108-4785
2025,173,,ANDREI Moisa,,Romania,W128-0492,20252,https://iaplc.com/gallery/en/image/preview?prefix=20252&app_id=W128-0492
2025,174,,Philipp Semla,,Germany,W114-2382,20252,https://iaplc.com/gallery/en/image/preview?prefix=20252&app_id=W114-2382
2025,175,,Alexey Astashkin,,Russian Federation,W105-4990,20252,https://iaplc.com/gallery/en/image/preview?prefix=20252&app_id=W105-4990
2025,176,,Woohee Lee,,Republic of Korea,W115-5359,20252,https://iaplc.com/gallery/en/image/preview?prefix=20252&app_id=W115-5359
2025,177,,Oleg Matsevich,,Russian Federation,W100-7070,20252,https://iaplc.com/gallery/en/image/preview?prefix=20252&app_id=W100-7070
2025,179,,Yuki Nakata,仲田 勇樹,Japan,J103-4037,20252,https://iaplc.com/gallery/en/image/preview?prefix=20252&app_id=J103-4037
2025,180,,Tien Dong Huu,,Vietnam,W113-0559,20252,https://iaplc.com/gallery/en/image/preview?prefix=20252&app_id=W113-0559
2025,181,,Konstantin Chkhapeliya,,Russian Federation,W118-9076,20252,https://iaplc.com/gallery/en/image/preview?prefix=20252&app_id=W118-9076
2025,182,,Stanislav Filip Stanislav Filip,,Slovakia,W105-3460,20252,https://iaplc.com/gallery/en/image/preview?prefix=20252&app_id=W105-3460
2025,183,,Ludo BOURDIN Pascal,,France,W102-9749,20252,https://iaplc.com/gallery/en/image/preview?prefix=20252&app_id=W102-9749
2025,184,,Simon Moelck,,Germany,W119-6812,20252,https://iaplc.com/gallery/en/image/preview?prefix=20252&app_id=W119-6812
2025,185,,Yoshihiro Ota,太田 佳宏,Japan,J112-4837,20252,https://iaplc.com/gallery/en/image/preview?prefix=20252&app_id=J112-4837
2025,186,,Rene Bieber,,Austria,W110-4913,20252,https://iaplc.com/gallery/en/image/preview?prefix=20252&app_id=W110-4913
2025,187,,Steven Stringer,,Australia,W116-2104,20252,https://iaplc.com/gallery/en/image/preview?prefix=20252&app_id=W116-2104
2025,188,,Stjepan Erdeljic,,Croatia,W100-1537,20252,https://iaplc.com/gallery/en/image/preview?prefix=20252&app_id=W100-1537
2025,189,,Toshiya Fukushima,福島 俊也,Japan,J103-9356,20252,https://iaplc.com/gallery/en/image/preview?prefix=20252&app_id=J103-9356
2025,190,,AYA AOKI,青木 あや,Japan,J110-2812,20252,https://iaplc.com/gallery/en/image/preview?prefix=20252&app_id=J110-2812
2025,191,,San Kim,,Republic of Korea,W118-9526,20252,https://iaplc.com/gallery/en/image/preview?prefix=20252&app_id=W118-9526
2025,192,,Rajan Bhaumik,,India,W110-2335,20252,https://iaplc.com/gallery/en/image/preview?prefix=20252&app_id=W110-2335
2025,193,,ROBI CHEN CHEN LIK KOK,,Indonesia,W110-5652,20252,https://iaplc.com/gallery/en/image/preview?prefix=20252&app_id=W110-5652
2025,194,,Tung NguyenBa,,Vietnam,W109-1671,20252,https://iaplc.com/gallery/en/image/preview?prefix=20252&app_id=W109-1671
2025,195,,Bahtiar Gigi Bahtiar,,Angola,W105-2373,20252,https://iaplc.com/gallery/en/image/preview?prefix=20252&app_id=W105-2373
2025,196,,Tadahiro ISHIKAWA,石川 忠宏,Japan,J105-2869,20252,https://iaplc.com/gallery/en/image/preview?prefix=20252&app_id=J105-2869
2025,197,,Naadir Esmail,,Mozambique,W119-2267,20252,https://iaplc.com/gallery/en/image/preview?prefix=20252&app_id=W119-2267
2025,198,,Hideo Muku,椋 英郎,Japan,J100-8845,20252,https://iaplc.com/gallery/en/image/preview?prefix=20252&app_id=J100-8845
2025,199,,Albert Escrihuela Caceres Albert Escrihuela Cáceres,,Spain,W115-3633,20252,https://iaplc.com/gallery/en/image/preview?prefix=20252&app_id=W115-3633
2025,200,,Insik Chung,,Republic of Korea,W119-8935,20252,https://iaplc.com/gallery/en/image/preview?prefix=20252&app_id=W119-8935
2025,201,,Jingrun Li,李景润,"Hong Kong, China",W109-6997,20252,https://iaplc.com/gallery/en/image/preview?prefix=20252&app_id=W109-6997
2025,202,,Son Tu Thai,,Vietnam,W119-8309,20252,https://iaplc.com/gallery/en/image/preview?prefix=20252&app_id=W119-8309
2025,203,,Trung Phan Trung Thanh Phan,,Vietnam,W109-9974,20252,https://iaplc.com/gallery/en/image/preview?prefix=20252&app_id=W109-9974
2025,204,,Hung Tran,,Vietnam,W107-6770,20252,https://iaplc.com/gallery/en/image/preview?prefix=20252&app_id=W107-6770
2025,205,,Kai Wai Chen,陳佳懷,"Hong Kong, China",W100-3838,20252,https://iaplc.com/gallery/en/image/preview?prefix=20252&app_id=W100-3838
2025,206,,Marcin Zajac Marcin Zając,,Poland,W102-9398,20252,https://iaplc.com/gallery/en/image/preview?prefix=20252&app_id=W102-9398
2025,207,,Kenta Yamamoto,山本 健太,Japan,J114-9117,20252,https://iaplc.com/gallery/en/image/preview?prefix=20252&app_id=J114-9117
2025,208,,Stefan Graf,,Austria,W100-7847,20252,https://iaplc.com/gallery/en/image/preview?prefix=20252&app_id=W100-7847
2025,209,,Nobuyuki Hosokawa,細川 信行,Japan,J104-5147,20252,https://iaplc.com/gallery/en/image/preview?prefix=20252&app_id=J104-5147
2025,210,,Florian Friedrich Bergerhoff,,Germany,W110-4152,20252,https://iaplc.com/gallery/en/image/preview?prefix=20252&app_id=W110-4152
2025,211,,Souichiro Komatu,小松 壮一郎,Japan,J117-4430,20252,https://iaplc.com/gallery/en/image/preview?prefix=20252&app_id=J117-4430
2025,212,,Hiroyuki Sakamoto,坂本 浩之,Japan,J101-9128,20252,https://iaplc.com/gallery/en/image/preview?prefix=20252&app_id=J101-9128
2025,213,,Amir Valadkhani Amir Valadkhani,,Islamic Republic of Iran,W109-0274,20252,https://iaplc.com/gallery/en/image/preview?prefix=20252&app_id=W109-0274
2025,214,,Nguyen Ty,,Vietnam,W127-0618,20252,https://iaplc.com/gallery/en/image/preview?prefix=20252&app_id=W127-0618
2025,215,,Minh Nguyen Van,,Vietnam,W116-1069,20252,https://iaplc.com/gallery/en/image/preview?prefix=20252&app_id=W116-1069
2025,216,,Debraj Ghosh,,India,W108-5227,20252,https://iaplc.com/gallery/en/image/preview?prefix=20252&app_id=W108-5227
2025,217,,Mihir Bankapure Mihir Bankapure,,India,W114-0122,20252,https://iaplc.com/gallery/en/image/preview?prefix=20252&app_id=W114-0122
2025,218,,Gary Lim CT,,Malaysia,W114-7421,20252,https://iaplc.com/gallery/en/image/preview?prefix=20252&app_id=W114-7421
2025,219,,Valerio Bandini,,Italy,W114-6941,20252,https://iaplc.com/gallery/en/image/preview?prefix=20252&app_id=W114-6941
2025,220,,Kam Pui Kwong,鄺錦培,"Hong Kong, China",W118-0588,20252,https://iaplc.com/gallery/en/image/preview?prefix=20252&app_id=W118-0588
2025,221,,Bruno Fiorenza Bruno Fiorenza,,Italy,W103-9036,20252,https://iaplc.com/gallery/en/image/preview?prefix=20252&app_id=W103-9036
2025,222,,Hussain Sami adnan,,Maldives,W112-6601,20252,https://iaplc.com/gallery/en/image/preview?prefix=20252&app_id=W112-6601
2025,223,,Kevin Chuang Kevin Chuang,,South Africa,W111-3282,20252,https://iaplc.com/gallery/en/image/preview?prefix=20252&app_id=W111-3282
2025,224,,Mika Baba,馬塲 美香,Japan,J111-5490,20252,https://iaplc.com/gallery/en/image/preview?prefix=20252&app_id=J111-5490
2025,225,,Raye Soh Raye Soh,,Singapore,W108-4628,20252,https://iaplc.com/gallery/en/image/preview?prefix=20252&app_id=W108-4628
2025,226,,Tadashi Oosaki,大崎 格志,Japan,J110-8656,20252,https://iaplc.com/gallery/en/image/preview?prefix=20252&app_id=J110-8656
2025,227,,Takeuchi Kazuma,竹内 一馬,Japan,J115-7623,20252,https://iaplc.com/gallery/en/image/preview?prefix=20252&app_id=J115-7623
2025,228,,ROGER GOH,,Singapore,W110-5028,20252,https://iaplc.com/gallery/en/image/preview?prefix=20252&app_id=W110-5028
2025,229,,Naresh Singh Runglall,,Mauritius,W125-0850,20252,https://iaplc.com/gallery/en/image/preview?prefix=20252&app_id=W125-0850
2025,230,,MARCOS CARRAH JUNIOR,,Brazil,W114-6841,20252,https://iaplc.com/gallery/en/image/preview?prefix=20252&app_id=W114-6841
2025,232,,Tomomi Imai,今井 友海,Japan,J107-1102,20252,https://iaplc.com/gallery/en/image/preview?prefix=20252&app_id=J107-1102
2025,233,,Richard Enriquez,,Philippines,W111-0797,20252,https://iaplc.com/gallery/en/image/preview?prefix=20252&app_id=W111-0797
2025,234,,Niloy Sengupta,,India,W102-3179,20252,https://iaplc.com/gallery/en/image/preview?prefix=20252&app_id=W102-3179
2025,235,,MINH TRAN,,Vietnam,W105-6211,20252,https://iaplc.com/gallery/en/image/preview?prefix=20252&app_id=W105-6211
2025,236,,Chung Hin Leung,梁仲軒,"Hong Kong, China",W110-6267,20252,https://iaplc.com/gallery/en/image/preview?prefix=20252&app_id=W110-6267
2025,237,,Chenshaofeng,陈劭锋,People’s Republic of China,W127-1128,20252,https://iaplc.com/gallery/en/image/preview?prefix=20252&app_id=W127-1128
2025,238,,Somraj Roychoudhury,,India,W104-0221,20252,https://iaplc.com/gallery/en/image/preview?prefix=20252&app_id=W104-0221
2025,239,,Jinghe Li,李景禾,People’s Republic of China,W103-9486,20252,https://iaplc.com/gallery/en/image/preview?prefix=20252&app_id=W103-9486
2025,240,,Tyler Chiarelli Tyler Chiarelli,,Canada,W106-7998,20252,https://iaplc.com/gallery/en/image/preview?prefix=20252&app_id=W106-7998
2025,241,,Kuang Dongxu,匡东旭,People’s Republic of China,W120-1138,20252,https://iaplc.com/gallery/en/image/preview?prefix=20252&app_id=W120-1138
2025,242,,JinWang Xue,薛进旺,Chinese Taipei,W118-1783,20252,https://iaplc.com/gallery/en/image/preview?prefix=20252&app_id=W118-1783
2025,243,,Yuta Takahagi,髙萩 雄大,Japan,J119-4532,20252,https://iaplc.com/gallery/en/image/preview?prefix=20252&app_id=J119-4532
2025,244,,Takashi Takami,高見 好志,Japan,J104-8174,20252,https://iaplc.com/gallery/en/image/preview?prefix=20252&app_id=J104-8174
2025,246,,Vishnuvarthan P,,India,W108-7430,20252,https://iaplc.com/gallery/en/image/preview?prefix=20252&app_id=W108-7430
2025,247,,Bimantara Adinata,,Indonesia,W108-7637,20252,https://iaplc.com/gallery/en/image/preview?prefix=20252&app_id=W108-7637
2025,248,,Wang Shuhong,王舒竑,People’s Republic of China,W128-1147,20252,https://iaplc.com/gallery/en/image/preview?prefix=20252&app_id=W128-1147
2025,249,,Takashi Hosoda,細田 孝志,Japan,J100-1691,20252,https://iaplc.com/gallery/en/image/preview?prefix=20252&app_id=J100-1691
2025,250,,Gustavo Palacio,,Spain,W112-5407,20252,https://iaplc.com/gallery/en/image/preview?prefix=20252&app_id=W112-5407
2025,251,,Aiden Steyl,,South Africa,W112-6510,20252,https://iaplc.com/gallery/en/image/preview?prefix=20252&app_id=W112-6510
2025,252,,Matthew Wilson,,Canada,W114-6075,20252,https://iaplc.com/gallery/en/image/preview?prefix=20252&app_id=W114-6075
2025,253,,Karl Hauber Karl Hauber,,Austria,W104-4323,20252,https://iaplc.com/gallery/en/image/preview?prefix=20252&app_id=W104-4323
2025,254,,Quang Truong Dinh,,Vietnam,W115-2616,20252,https://iaplc.com/gallery/en/image/preview?prefix=20252&app_id=W115-2616
2025,255,,Robert Sperk,,Austria,W114-2486,20252,https://iaplc.com/gallery/en/image/preview?prefix=20252&app_id=W114-2486
2025,256,,Takuya Yamaguchi,山口 琢也,Japan,J106-7786,20252,https://iaplc.com/gallery/en/image/preview?prefix=20252&app_id=J106-7786
2025,257,,Alberth Sepulveda Alberth Sepulveda,,Colombia,W105-1900,20252,https://iaplc.com/gallery/en/image/preview?prefix=20252&app_id=W105-1900
2025,258,,Yasuhiro Ito,伊藤 寧洋,Japan,J102-9782,20252,https://iaplc.com/gallery/en/image/preview?prefix=20252&app_id=J102-9782
2025,259,,Gerhard Rabenseifner,,Austria,W103-9223,20252,https://iaplc.com/gallery/en/image/preview?prefix=20252&app_id=W103-9223
2025,260,,FRANCISCO ALVAREZ HERNANDEZ JUNIOR,,Brazil,W103-8038,20252,https://iaplc.com/gallery/en/image/preview?prefix=20252&app_id=W103-8038
2025,261,,HUYNH NGUYEN MINH THIEN,,Vietnam,W111-8669,20252,https://iaplc.com/gallery/en/image/preview?prefix=20252&app_id=W111-8669
2025,262,,Angga Raditya,,Indonesia,W106-7880,20252,https://iaplc.com/gallery/en/image/preview?prefix=20252&app_id=W106-7880
2025,263,,Shigeru Takitani,滝谷 滋,Japan,J117-4855,20252,https://iaplc.com/gallery/en/image/preview?prefix=20252&app_id=J117-4855
2025,264,,DEREN LI,李德仁,People’s Republic of China,W117-1102,20252,https://iaplc.com/gallery/en/image/preview?prefix=20252&app_id=W117-1102
2025,265,,Gunner Tuttle,,United States of America,W115-3988,20252,https://iaplc.com/gallery/en/image/preview?prefix=20252&app_id=W115-3988
2025,266,,Jonathan Krause Jonathan Krause,,Germany,W101-0344,20252,https://iaplc.com/gallery/en/image/preview?prefix=20252&app_id=W101-0344
2025,267,,Hiten Goolab Hiten,,South Africa,W117-2270,20252,https://iaplc.com/gallery/en/image/preview?prefix=20252&app_id=W117-2270
2025,268,,Victor Schaenzle,,Austria,W113-0228,20252,https://iaplc.com/gallery/en/image/preview?prefix=20252&app_id=W113-0228
2025,269,,Artem Vyugovskiy,,Russian Federation,W104-6240,20252,https://iaplc.com/gallery/en/image/preview?prefix=20252&app_id=W104-6240
2025,270,,Poetra Irawan,,Indonesia,W107-7517,20252,https://iaplc.com/gallery/en/image/preview?prefix=20252&app_id=W107-7517
2025,271,,LE TRIEU,,Vietnam,W111-8685,20252,https://iaplc.com/gallery/en/image/preview?prefix=20252&app_id=W111-8685
2025,272,,Ivan Inti Morales,,Mexico,W114-8386,20252,https://iaplc.com/gallery/en/image/preview?prefix=20252&app_id=W114-8386
2025,273,,Zhang Yufan,张宇凡,People’s Republic of China,W128-1155,20252,https://iaplc.com/gallery/en/image/preview?prefix=20252&app_id=W128-1155
2025,274,,HOANG SON TRAN,,Vietnam,W104-6549,20252,https://iaplc.com/gallery/en/image/preview?prefix=20252&app_id=W104-6549
2025,275,,SYED RAMIZ AHMED,,India,W105-5681,20252,https://iaplc.com/gallery/en/image/preview?prefix=20252&app_id=W105-5681
2025,276,,Kenichiro Shirai,白井 健一郎,Japan,J116-5950,20252,https://iaplc.com/gallery/en/image/preview?prefix=20252&app_id=J116-5950
2025,277,,Siak Wee Yeo,杨锡纬,Malaysia,W110-1381,20252,https://iaplc.com/gallery/en/image/preview?prefix=20252&app_id=W110-1381
2025,278,,YU IPSAE,,Republic of Korea,W108-6320,20252,https://iaplc.com/gallery/en/image/preview?prefix=20252&app_id=W108-6320
2025,279,,Masahiro Tayama,田山 勝浩,Japan,J101-2097,20252,https://iaplc.com/gallery/en/image/preview?prefix=20252&app_id=J101-2097
2025,280,,Sasaki Satoshi,佐々木 智司,Japan,J105-4823,20252,https://iaplc.com/gallery/en/image/preview?prefix=20252&app_id=J105-4823
2025,281,,Yoon Hyuk Kwon,權允赫,Republic of Korea,W118-0787,20252,https://iaplc.com/gallery/en/image/preview?prefix=20252&app_id=W118-0787
2025,282,,KWAN YIU HOFFMAN LEUNG,梁均耀,"Hong Kong, China",W107-1019,20252,https://iaplc.com/gallery/en/image/preview?prefix=20252&app_id=W107-1019
2025,283,,Matthew McGrath Matthew McGrath,,Canada,W114-8480,20252,https://iaplc.com/gallery/en/image/preview?prefix=20252&app_id=W114-8480
2025,284,,Kostas Koltouktsoglou,,Greece,W113-0311,20252,https://iaplc.com/gallery/en/image/preview?prefix=20252&app_id=W113-0311
2025,285,,Keisuke Onodera,小野寺 啓介,Japan,J110-7856,20252,https://iaplc.com/gallery/en/image/preview?prefix=20252&app_id=J110-7856
2025,286,,Jonathan Podzyhun,,Canada,W107-5508,20252,https://iaplc.com/gallery/en/image/preview?prefix=20252&app_id=W107-5508
2025,287,,Iman Razak,,Malaysia,W119-2507,20252,https://iaplc.com/gallery/en/image/preview?prefix=20252&app_id=W119-2507
2025,288,,Yupeng Lee,李悦鹏,People’s Republic of China,W106-8585,20252,https://iaplc.com/gallery/en/image/preview?prefix=20252&app_id=W106-8585
2025,289,,Jarron Loh,,Singapore,W119-3626,20252,https://iaplc.com/gallery/en/image/preview?prefix=20252&app_id=W119-3626
2025,290,,Yusuke Nakazawa,中澤 祐介,Japan,J125-0357,20252,https://iaplc.com/gallery/en/image/preview?prefix=20252&app_id=J125-0357
2025,291,,AKIHIRO NAKAYA,中矢 明宏,Japan,J113-4101,20252,https://iaplc.com/gallery/en/image/preview?prefix=20252&app_id=J113-4101
2025,292,,JOHNY MEJIA JOHNY ANDRES MEJIA RAMIREZ,,Colombia,W108-3612,20252,https://iaplc.com/gallery/en/image/preview?prefix=20252&app_id=W108-3612
2025,293,,Tresna Wiguna Tresna Wiguna,,Indonesia,W101-6518,20252,https://iaplc.com/gallery/en/image/preview?prefix=20252&app_id=W101-6518
2025,294,,Samurdha Manthila Samurdha Manthila,,Sri Lanka,W105-9845,20252,https://iaplc.com/gallery/en/image/preview?prefix=20252&app_id=W105-9845
2025,295,,Davor Mitevski Davor Mitevski,,North Macedonia,W117-0204,20252,https://iaplc.com/gallery/en/image/preview?prefix=20252&app_id=W117-0204
2025,296,,Eiji Furukawa,古川 永治,Japan,J104-3984,20252,https://iaplc.com/gallery/en/image/preview?prefix=20252&app_id=J104-3984
2025,297,,Jennifer Bujalski,,United States of America,W117-6121,20252,https://iaplc.com/gallery/en/image/preview?prefix=20252&app_id=W117-6121
2025,298,,Tsutomu Yamamoto,山本 力,Japan,J115-1927,20252,https://iaplc.com/gallery/en/image/preview?prefix=20252&app_id=J115-1927
2025,299,,Jan Melicharek,,Czech Republic,W107-7122,20252,https://iaplc.com/gallery/en/image/preview?prefix=20252&app_id=W107-7122
2025,300,,Rafael Valim,,Brazil,W113-7268,20252,https://iaplc.com/gallery/en/image/preview?prefix=20252&app_id=W113-7268
2024,1,,Luis Carlos Galarraga,,Brazil,W118-0614,20242,https://iaplc.com/gallery/en/image/preview?prefix=20242&app_id=W118-0614
2024,2,,Kam Pui Kwong,鄺錦培,"Hong Kong, China",W100-6374,20242,https://iaplc.com/gallery/en/image/preview?prefix=20242&app_id=W100-6374
2024,3,,Qi Lin,林 齐,People’s Republic of China,W116-8183,20242,https://iaplc.com/gallery/en/image/preview?prefix=20242&app_id=W116-8183
2024,4,,Bernat Hosta Rovira,,Andorra,W115-2111,20242,https://iaplc.com/gallery/en/image/preview?prefix=20242&app_id=W115-2111
2024,5,,Chuanwei YU,余传威,People’s Republic of China,W110-2914,20242,https://iaplc.com/gallery/en/image/preview?prefix=20242&app_id=W110-2914
2024,6,,Takashi Hosoda,細田 孝志,Japan,J103-2667,20242,https://iaplc.com/gallery/en/image/preview?prefix=20242&app_id=J103-2667
2024,7,,Katsuki Tanaka,タナカ カツキ,Japan,J112-5536,20242,https://iaplc.com/gallery/en/image/preview?prefix=20242&app_id=J112-5536
2024,8,,DONGHYUK LEE,,Republic of Korea,W119-5781,20242,https://iaplc.com/gallery/en/image/preview?prefix=20242&app_id=W119-5781
2024,9,,Ruofei Shi,施 若非,People’s Republic of China,W113-8194,20242,https://iaplc.com/gallery/en/image/preview?prefix=20242&app_id=W113-8194
2024,10,,MINH TRAN,,Vietnam,W104-3419,20242,https://iaplc.com/gallery/en/image/preview?prefix=20242&app_id=W104-3419
2024,11,,Carlos Souza,,Brazil,W110-4597,20242,https://iaplc.com/gallery/en/image/preview?prefix=20242&app_id=W110-4597
2024,12,,Jamaluddin Jamal,,Indonesia,W105-1487,20242,https://iaplc.com/gallery/en/image/preview?prefix=20242&app_id=W105-1487
2024,13,,Yoshihiro Ota,太田 佳宏,Japan,J114-6639,20242,https://iaplc.com/gallery/en/image/preview?prefix=20242&app_id=J114-6639
2024,14,,Taegi Yoon,윤태기,Republic of Korea,W118-0791,20242,https://iaplc.com/gallery/en/image/preview?prefix=20242&app_id=W118-0791
2024,15,,Shenglong Wang,王 胜龙,People’s Republic of China,W111-8207,20242,https://iaplc.com/gallery/en/image/preview?prefix=20242&app_id=W111-8207
2024,16,,Minh Toan Nguyen,,Vietnam,W110-3832,20242,https://iaplc.com/gallery/en/image/preview?prefix=20242&app_id=W110-3832
2024,17,,Mingxiang Wei,韦明翔,People’s Republic of China,W101-9739,20242,https://iaplc.com/gallery/en/image/preview?prefix=20242&app_id=W101-9739
2024,18,,Liwei Guan,关 利伟,People’s Republic of China,W118-8212,20242,https://iaplc.com/gallery/en/image/preview?prefix=20242&app_id=W118-8212
2024,19,,Fabio Prata Flavia Nalon Prata,,Brazil,W101-5016,20242,https://iaplc.com/gallery/en/image/preview?prefix=20242&app_id=W101-5016
2024,20,,Juan Maspero Juan Máspero,,Argentina,W115-5184,20242,https://iaplc.com/gallery/en/image/preview?prefix=20242&app_id=W115-5184
2024,21,,Pham Duc Manh,,Vietnam,W116-3563,20242,https://iaplc.com/gallery/en/image/preview?prefix=20242&app_id=W116-3563
2024,22,,Tom Ryan,,Great Britain,W103-0122,20242,https://iaplc.com/gallery/en/image/preview?prefix=20242&app_id=W103-0122
2024,23,,Kiatfuil Yap,,Malaysia,W103-4805,20242,https://iaplc.com/gallery/en/image/preview?prefix=20242&app_id=W103-4805
2024,24,,Philip Schwarz Philip Schwarz,,Austria,W101-7733,20242,https://iaplc.com/gallery/en/image/preview?prefix=20242&app_id=W101-7733
2024,25,,Fabian Beck,,Germany,W106-0235,20242,https://iaplc.com/gallery/en/image/preview?prefix=20242&app_id=W106-0235
2024,26,,Tran Duc,,Vietnam,W110-1195,20242,https://iaplc.com/gallery/en/image/preview?prefix=20242&app_id=W110-1195
2024,27,,JIN LIANG,梁劲,People’s Republic of China,W100-6980,20242,https://iaplc.com/gallery/en/image/preview?prefix=20242&app_id=W100-6980
2024,30,,Inyoman Marwita Inyoman Marwita,,Indonesia,W100-4414,20242,https://iaplc.com/gallery/en/image/preview?prefix=20242&app_id=W100-4414
2024,31,,Tamas Danyiko,,Hungary,W113-2575,20242,https://iaplc.com/gallery/en/image/preview?prefix=20242&app_id=W113-2575
2024,32,,Sandiven Valleeamah,,Mauritius,W119-3945,20242,https://iaplc.com/gallery/en/image/preview?prefix=20242&app_id=W119-3945
2024,33,,Yoshihiro Shiga,志賀 美洋,Japan,J114-3799,20242,https://iaplc.com/gallery/en/image/preview?prefix=20242&app_id=J114-3799
2024,34,,Pavol Kulanda Pavol Kulanda,,Great Britain,W105-1268,20242,https://iaplc.com/gallery/en/image/preview?prefix=20242&app_id=W105-1268
2024,35,,Takamori Ishihara,石原 尚守,Japan,J100-4593,20242,https://iaplc.com/gallery/en/image/preview?prefix=20242&app_id=J100-4593
2024,36,,Tan Jason,陈俊伟,Malaysia,W109-7575,20242,https://iaplc.com/gallery/en/image/preview?prefix=20242&app_id=W109-7575
2024,37,,Oleg Matsevich,,Russian Federation,W106-6308,20242,https://iaplc.com/gallery/en/image/preview?prefix=20242&app_id=W106-6308
2024,38,,Konstantin Chkhapeliya Konstantin Chkhapeliya,,Russian Federation,W118-6332,20242,https://iaplc.com/gallery/en/image/preview?prefix=20242&app_id=W118-6332
2024,39,,Wei Chen,陈 伟,People’s Republic of China,W118-8227,20242,https://iaplc.com/gallery/en/image/preview?prefix=20242&app_id=W118-8227
2024,40,,Karsten Duenne Karsten Dünne,,Germany,W111-4637,20242,https://iaplc.com/gallery/en/image/preview?prefix=20242&app_id=W111-4637
2024,41,,Shuang Li,李爽,People’s Republic of China,W119-6624,20242,https://iaplc.com/gallery/en/image/preview?prefix=20242&app_id=W119-6624
2024,42,,Gang Zhao,赵 刚,People’s Republic of China,W113-8237,20242,https://iaplc.com/gallery/en/image/preview?prefix=20242&app_id=W113-8237
2024,43,,Marc Svensson Marc Svensson,,Denmark,W113-2672,20242,https://iaplc.com/gallery/en/image/preview?prefix=20242&app_id=W113-2672
2024,44,,AYA AOKI,青木 あや,Japan,J113-2541,20242,https://iaplc.com/gallery/en/image/preview?prefix=20242&app_id=J113-2541
2024,45,,Kazuma Takeuchi,竹内 一馬,Japan,J114-4936,20242,https://iaplc.com/gallery/en/image/preview?prefix=20242&app_id=J114-4936
2024,46,,Zhemin Fan,范 哲敏,People’s Republic of China,W116-8249,20242,https://iaplc.com/gallery/en/image/preview?prefix=20242&app_id=W116-8249
2024,47,,TRIEU LE,,Vietnam,W102-9688,20242,https://iaplc.com/gallery/en/image/preview?prefix=20242&app_id=W102-9688
2024,48,,Atsushi Hayashi,林 睦,Japan,J104-7626,20242,https://iaplc.com/gallery/en/image/preview?prefix=20242&app_id=J104-7626
2024,49,,Milos Nikolic,,Serbia,W110-1844,20242,https://iaplc.com/gallery/en/image/preview?prefix=20242&app_id=W110-1844
2024,50,,Tien Ho Cao,,Vietnam,W100-6907,20242,https://iaplc.com/gallery/en/image/preview?prefix=20242&app_id=W100-6907
2024,51,,Hiroyuki Sakamoto,坂本 浩之,Japan,J105-6428,20242,https://iaplc.com/gallery/en/image/preview?prefix=20242&app_id=J105-6428
2024,52,,Naoya Yamada,山田 直也,Japan,J118-7460,20242,https://iaplc.com/gallery/en/image/preview?prefix=20242&app_id=J118-7460
2024,53,,RENNIER RECIO KATIGBAK,,Philippines,W115-4949,20242,https://iaplc.com/gallery/en/image/preview?prefix=20242&app_id=W115-4949
2024,54,,Daniel Basseto,,Brazil,W104-5080,20242,https://iaplc.com/gallery/en/image/preview?prefix=20242&app_id=W104-5080
2024,55,,Minjiao Qin,覃敏娇,People’s Republic of China,W117-0786,20242,https://iaplc.com/gallery/en/image/preview?prefix=20242&app_id=W117-0786
2024,56,,Luiz Junior Luiz André Lemos de Oliveira Junior,,Brazil,W116-3814,20242,https://iaplc.com/gallery/en/image/preview?prefix=20242&app_id=W116-3814
2024,57,,Shota Muroi,室井 翔太,Japan,J113-5820,20242,https://iaplc.com/gallery/en/image/preview?prefix=20242&app_id=J113-5820
2024,58,,Junwoo Park,,Republic of Korea,W105-9704,20242,https://iaplc.com/gallery/en/image/preview?prefix=20242&app_id=W105-9704
2024,59,,Dmitriy Noskov,,Russian Federation,W102-0872,20242,https://iaplc.com/gallery/en/image/preview?prefix=20242&app_id=W102-0872
2024,60,,Kawin Arponiam,,Thailand,W116-1806,20242,https://iaplc.com/gallery/en/image/preview?prefix=20242&app_id=W116-1806
2024,61,,Shaofeng Chen,陈 劭锋,People’s Republic of China,W110-8252,20242,https://iaplc.com/gallery/en/image/preview?prefix=20242&app_id=W110-8252
2024,62,,Adrian Cristian Asaftei Adrian Asaftei,,Romania,W115-5546,20242,https://iaplc.com/gallery/en/image/preview?prefix=20242&app_id=W115-5546
2024,63,,Shinji Fujieda,藤枝 信治,Japan,J105-8050,20242,https://iaplc.com/gallery/en/image/preview?prefix=20242&app_id=J105-8050
2024,64,,Romeo louise Mataac Romeo louise Mataac,,Philippines,W117-2532,20242,https://iaplc.com/gallery/en/image/preview?prefix=20242&app_id=W117-2532
2024,65,,Hiroyuki Matsui,松井 裕幸,Japan,J107-6183,20242,https://iaplc.com/gallery/en/image/preview?prefix=20242&app_id=J107-6183
2024,66,,Teck Soon Wong,黄德顺,Malaysia,W114-0830,20242,https://iaplc.com/gallery/en/image/preview?prefix=20242&app_id=W114-0830
2024,67,,Hironori Handa,半田 浩規,Japan,J101-9945,20242,https://iaplc.com/gallery/en/image/preview?prefix=20242&app_id=J101-9945
2024,68,,JELANTOI LANTOI,,Malaysia,W119-1769,20242,https://iaplc.com/gallery/en/image/preview?prefix=20242&app_id=W119-1769
2024,69,,Tanja Pechhold,,Germany,W111-0583,20242,https://iaplc.com/gallery/en/image/preview?prefix=20242&app_id=W111-0583
2024,70,,Tianchi Wang,王 天池,People’s Republic of China,W110-8267,20242,https://iaplc.com/gallery/en/image/preview?prefix=20242&app_id=W110-8267
2024,71,,Shinya Kadota,門田 伸也,Japan,J112-2639,20242,https://iaplc.com/gallery/en/image/preview?prefix=20242&app_id=J112-2639
2024,72,,KianHong Sim,,Malaysia,W102-4746,20242,https://iaplc.com/gallery/en/image/preview?prefix=20242&app_id=W102-4746
2024,73,,Alexander Hecht Alexander Hecht,,Austria,W112-7428,20242,https://iaplc.com/gallery/en/image/preview?prefix=20242&app_id=W112-7428
2024,74,,KONGJUN XING,邢孔军,Singapore,W117-0736,20242,https://iaplc.com/gallery/en/image/preview?prefix=20242&app_id=W117-0736
2024,75,,DAEWOONG PARK DAEWOONG PARK,,Republic of Korea,W113-1225,20242,https://iaplc.com/gallery/en/image/preview?prefix=20242&app_id=W113-1225
2024,76,,Kenyu Sakai,酒井 けんゆう,Japan,J119-5854,20242,https://iaplc.com/gallery/en/image/preview?prefix=20242&app_id=J119-5854
2024,77,,Stephano Diaz,,Ecuador,W105-2529,20242,https://iaplc.com/gallery/en/image/preview?prefix=20242&app_id=W105-2529
2024,78,,Marcin Zajac Marcin Zając,,Poland,W105-4150,20242,https://iaplc.com/gallery/en/image/preview?prefix=20242&app_id=W105-4150
2024,79,,Alen Hodzic,,Croatia,W101-5171,20242,https://iaplc.com/gallery/en/image/preview?prefix=20242&app_id=W101-5171
2024,80,,Kumie Takahashi,高橋 久美恵,Japan,J110-3055,20242,https://iaplc.com/gallery/en/image/preview?prefix=20242&app_id=J110-3055
2024,81,,Michal Perhač Perhač Michal,,Slovakia,W110-0548,20242,https://iaplc.com/gallery/en/image/preview?prefix=20242&app_id=W110-0548
2024,82,,Marco Biagi,,Brazil,W118-3283,20242,https://iaplc.com/gallery/en/image/preview?prefix=20242&app_id=W118-3283
2024,83,,Nobuhiko Kawashima,川島 信彦,Japan,J114-7108,20242,https://iaplc.com/gallery/en/image/preview?prefix=20242&app_id=J114-7108
2024,84,,Ryo Yoshida,吉田 リョウ,Japan,J109-2965,20242,https://iaplc.com/gallery/en/image/preview?prefix=20242&app_id=J109-2965
2024,85,,Eri Tokusashi,徳差 江里,Japan,J112-5996,20242,https://iaplc.com/gallery/en/image/preview?prefix=20242&app_id=J112-5996
2024,86,,Insik Chung,,Republic of Korea,W112-5315,20242,https://iaplc.com/gallery/en/image/preview?prefix=20242&app_id=W112-5315
2024,87,,DESHAN PERERA,,Sri Lanka,W106-3706,20242,https://iaplc.com/gallery/en/image/preview?prefix=20242&app_id=W106-3706
2024,88,,Patrik Nemeth,,Hungary,W109-9506,20242,https://iaplc.com/gallery/en/image/preview?prefix=20242&app_id=W109-9506
2024,89,,Bruno Carvalho,,Portugal,W109-6580,20242,https://iaplc.com/gallery/en/image/preview?prefix=20242&app_id=W109-6580
2024,90,,Florian Breindl,,Germany,W114-3573,20242,https://iaplc.com/gallery/en/image/preview?prefix=20242&app_id=W114-3573
2024,91,,Yasuhito Fujii,藤井 康仁,Japan,J114-6491,20242,https://iaplc.com/gallery/en/image/preview?prefix=20242&app_id=J114-6491
2024,92,,WAN MUHAMAD MUSTAQIM WAN AZIZAN,,Malaysia,W109-6100,20242,https://iaplc.com/gallery/en/image/preview?prefix=20242&app_id=W109-6100
2024,93,,Guillermo Barrientos,,Chile,W114-0764,20242,https://iaplc.com/gallery/en/image/preview?prefix=20242&app_id=W114-0764
2024,94,,Binh DuongChi Duong Chi Binh,,Vietnam,W106-0889,20242,https://iaplc.com/gallery/en/image/preview?prefix=20242&app_id=W106-0889
2024,95,,David Dobrovits,,Austria,W106-3194,20242,https://iaplc.com/gallery/en/image/preview?prefix=20242&app_id=W106-3194
2024,96,,Huy Nguyen,,Vietnam,W103-5057,20242,https://iaplc.com/gallery/en/image/preview?prefix=20242&app_id=W103-5057
2024,97,,Ryusho Aibara,相原 龍翔,Japan,J118-3075,20242,https://iaplc.com/gallery/en/image/preview?prefix=20242&app_id=J118-3075
2024,98,,Angga Raditya,,Indonesia,W106-3456,20242,https://iaplc.com/gallery/en/image/preview?prefix=20242&app_id=W106-3456
2024,99,,Roger Goh,,Singapore,W112-5657,20242,https://iaplc.com/gallery/en/image/preview?prefix=20242&app_id=W112-5657
2024,100,,Geyner Medina Kjcc,,Costa Rica,W112-0703,20242,https://iaplc.com/gallery/en/image/preview?prefix=20242&app_id=W112-0703
2024,101,,Takashi Takami,高見 好志,Japan,J114-3528,20242,https://iaplc.com/gallery/en/image/preview?prefix=20242&app_id=J114-3528
2024,102,,Durvesh Gaikar,,India,W112-0069,20242,https://iaplc.com/gallery/en/image/preview?prefix=20242&app_id=W112-0069
2024,103,,Changhwan Park,,Republic of Korea,W101-9579,20242,https://iaplc.com/gallery/en/image/preview?prefix=20242&app_id=W101-9579
2024,104,,Hideyoshi Imai,今井 秀嘉,Japan,J105-3627,20242,https://iaplc.com/gallery/en/image/preview?prefix=20242&app_id=J105-3627
2024,105,,Gerhard Rabenseifner,,Austria,W106-1902,20242,https://iaplc.com/gallery/en/image/preview?prefix=20242&app_id=W106-1902
2024,106,,KiYeong Kim,,Republic of Korea,W106-3581,20242,https://iaplc.com/gallery/en/image/preview?prefix=20242&app_id=W106-3581
2024,107,,Quang Minh Duong,,Vietnam,W106-7774,20242,https://iaplc.com/gallery/en/image/preview?prefix=20242&app_id=W106-7774
2024,108,,Ryuji Endo,遠藤 竜仁,Japan,J112-0016,20242,https://iaplc.com/gallery/en/image/preview?prefix=20242&app_id=J112-0016
2024,109,,Soungbin Im,,Republic of Korea,W102-5187,20242,https://iaplc.com/gallery/en/image/preview?prefix=20242&app_id=W102-5187
2024,110,,Tomoaki Ueno,上野 知明,Japan,J112-6216,20242,https://iaplc.com/gallery/en/image/preview?prefix=20242&app_id=J112-6216
2024,111,,Tommy Ferragamo,,United States of America,W110-2290,20242,https://iaplc.com/gallery/en/image/preview?prefix=20242&app_id=W110-2290
2024,112,,Aldo Santana,,Brazil,W112-7321,20242,https://iaplc.com/gallery/en/image/preview?prefix=20242&app_id=W112-7321
2024,113,,Huang Anqi,黄安琪,People’s Republic of China,W113-1113,20242,https://iaplc.com/gallery/en/image/preview?prefix=20242&app_id=W113-1113
2024,114,,Akihide Yamashita,山下 哲秀,Japan,J104-0033,20242,https://iaplc.com/gallery/en/image/preview?prefix=20242&app_id=J104-0033
2024,115,,Yuxiang Wu,吴宇祥,People’s Republic of China,W113-6014,20242,https://iaplc.com/gallery/en/image/preview?prefix=20242&app_id=W113-6014
2024,116,,Marco Kowal Marco Kowal,,Netherlands,W108-9522,20242,https://iaplc.com/gallery/en/image/preview?prefix=20242&app_id=W108-9522
2024,117,,KAZUHIKO BABA,馬場 和彦,Japan,J119-5481,20242,https://iaplc.com/gallery/en/image/preview?prefix=20242&app_id=J119-5481
2024,118,,My Duyen Diep,,United States of America,W119-6468,20242,https://iaplc.com/gallery/en/image/preview?prefix=20242&app_id=W119-6468
2024,119,,Nguyen LeTranKhoa,,Vietnam,W106-0018,20242,https://iaplc.com/gallery/en/image/preview?prefix=20242&app_id=W106-0018
2024,120,,Hao Rong,荣浩,People’s Republic of China,W103-3892,20242,https://iaplc.com/gallery/en/image/preview?prefix=20242&app_id=W103-3892
2024,121,,Luigi Carboni,,Brazil,W114-3402,20242,https://iaplc.com/gallery/en/image/preview?prefix=20242&app_id=W114-3402
2024,122,,Jiri Pova Jiří Pova,,Czech Republic,W111-5875,20242,https://iaplc.com/gallery/en/image/preview?prefix=20242&app_id=W111-5875
2024,123,,Amir Valadkhani Amir Valadkhani,,Islamic Republic of Iran,W110-5683,20242,https://iaplc.com/gallery/en/image/preview?prefix=20242&app_id=W110-5683
2024,124,,Ryan Noel,,United States of America,W113-1698,20242,https://iaplc.com/gallery/en/image/preview?prefix=20242&app_id=W113-1698
2024,125,,Lich Do Lich Do,,Vietnam,W106-4215,20242,https://iaplc.com/gallery/en/image/preview?prefix=20242&app_id=W106-4215
2024,126,,Yuta Takahagi,髙萩 雄大,Japan,J115-6298,20242,https://iaplc.com/gallery/en/image/preview?prefix=20242&app_id=J115-6298
2024,127,,Pablo Hernandez,,Chile,W112-8169,20242,https://iaplc.com/gallery/en/image/preview?prefix=20242&app_id=W112-8169
2024,128,,Hisashi Nakagawa,中川 永,Japan,J115-3222,20242,https://iaplc.com/gallery/en/image/preview?prefix=20242&app_id=J115-3222
2024,129,,Trung Phan,,Vietnam,W114-1686,20242,https://iaplc.com/gallery/en/image/preview?prefix=20242&app_id=W114-1686
2024,130,,CHAU YUAN WU,余昭渊,Malaysia,W100-7416,20242,https://iaplc.com/gallery/en/image/preview?prefix=20242&app_id=W100-7416
2024,131,,HIEN LE Lê Thanh Hiền,,Vietnam,W104-4719,20242,https://iaplc.com/gallery/en/image/preview?prefix=20242&app_id=W104-4719
2024,132,,Naoki Tomioka,冨岡 直樹,Japan,J100-7231,20242,https://iaplc.com/gallery/en/image/preview?prefix=20242&app_id=J100-7231
2024,133,,Takeshi Iwase,岩瀬 剛,Japan,J108-4698,20242,https://iaplc.com/gallery/en/image/preview?prefix=20242&app_id=J108-4698
2024,134,,Ilhong Jeong,,Republic of Korea,W114-0657,20242,https://iaplc.com/gallery/en/image/preview?prefix=20242&app_id=W114-0657
2024,135,,Yuanyuan Guo,郭 圆圆,People’s Republic of China,W110-8270,20242,https://iaplc.com/gallery/en/image/preview?prefix=20242&app_id=W110-8270
2024,136,,Victor Schaenzle,,Austria,W111-3107,20242,https://iaplc.com/gallery/en/image/preview?prefix=20242&app_id=W111-3107
2024,137,,HA LE TRINH,,Vietnam,W116-3703,20242,https://iaplc.com/gallery/en/image/preview?prefix=20242&app_id=W116-3703
2024,138,,PHUONG TRAN,,Vietnam,W101-5276,20242,https://iaplc.com/gallery/en/image/preview?prefix=20242&app_id=W101-5276
2024,139,,Zhun Li,李 准,People’s Republic of China,W111-8283,20242,https://iaplc.com/gallery/en/image/preview?prefix=20242&app_id=W111-8283
2024,140,,Giuseppe Landieri,,Italy,W108-8540,20242,https://iaplc.com/gallery/en/image/preview?prefix=20242&app_id=W108-8540
2024,141,,San Kim,,Republic of Korea,W115-6371,20242,https://iaplc.com/gallery/en/image/preview?prefix=20242&app_id=W115-6371
2024,142,,ANDREAS FALCH,,Austria,W105-0533,20242,https://iaplc.com/gallery/en/image/preview?prefix=20242&app_id=W105-0533
2024,143,,Jihang Liang,梁继航,People’s Republic of China,W118-6615,20242,https://iaplc.com/gallery/en/image/preview?prefix=20242&app_id=W118-6615
2024,144,,Zichao Zhao,赵 子超,People’s Republic of China,W112-8296,20242,https://iaplc.com/gallery/en/image/preview?prefix=20242&app_id=W112-8296
2024,145,,Shinichi Chiba,千葉 伸一,Japan,J103-7965,20242,https://iaplc.com/gallery/en/image/preview?prefix=20242&app_id=J103-7965
2024,146,,Nguyen Son,,Vietnam,W103-2880,20242,https://iaplc.com/gallery/en/image/preview?prefix=20242&app_id=W103-2880
2024,147,,Takahiro Ogawa,小川 貴大,Japan,J110-0346,20242,https://iaplc.com/gallery/en/image/preview?prefix=20242&app_id=J110-0346
2024,148,,Nobuhiro Omori,大森 伸宏,Japan,J100-5009,20242,https://iaplc.com/gallery/en/image/preview?prefix=20242&app_id=J100-5009
2024,149,,Kazuya Kato,カトウ カズヤ,Japan,J100-7383,20242,https://iaplc.com/gallery/en/image/preview?prefix=20242&app_id=J100-7383
2024,150,,Stefan Graf,,Austria,W109-7469,20242,https://iaplc.com/gallery/en/image/preview?prefix=20242&app_id=W109-7469
2024,151,,Marcelo Takeno,,Brazil,W110-4923,20242,https://iaplc.com/gallery/en/image/preview?prefix=20242&app_id=W110-4923
2024,152,,Christoph Maisch,,Austria,W103-7580,20242,https://iaplc.com/gallery/en/image/preview?prefix=20242&app_id=W103-7580
2024,153,,Takuya Maruyama,丸山 卓也,Japan,J109-2586,20242,https://iaplc.com/gallery/en/image/preview?prefix=20242&app_id=J109-2586
2024,154,,JUNGKI KIM,金正基,Republic of Korea,W114-5727,20242,https://iaplc.com/gallery/en/image/preview?prefix=20242&app_id=W114-5727
2024,155,,Rafael Valim,,Brazil,W117-3860,20242,https://iaplc.com/gallery/en/image/preview?prefix=20242&app_id=W117-3860
2024,156,,Ryan Winnell,,Australia,W116-3034,20242,https://iaplc.com/gallery/en/image/preview?prefix=20242&app_id=W116-3034
2024,157,,Sebastian Pfahl,,Germany,W106-5938,20242,https://iaplc.com/gallery/en/image/preview?prefix=20242&app_id=W106-5938
2024,158,,Myungjin Han,,Republic of Korea,W116-5376,20242,https://iaplc.com/gallery/en/image/preview?prefix=20242&app_id=W116-5376
2024,159,,Luis Cardoso Luís Filipe Samora Cardoso,,Portugal,W112-1480,20242,https://iaplc.com/gallery/en/image/preview?prefix=20242&app_id=W112-1480
2024,160,,ROBI CHEN CHEN LIK KOK,,Indonesia,W119-0089,20242,https://iaplc.com/gallery/en/image/preview?prefix=20242&app_id=W119-0089
2024,161,,Toshiya Fukushima,福島 俊也,Japan,J108-2566,20242,https://iaplc.com/gallery/en/image/preview?prefix=20242&app_id=J108-2566
2024,162,,Francois Smit,,South Africa,W111-5717,20242,https://iaplc.com/gallery/en/image/preview?prefix=20242&app_id=W111-5717
2024,163,,Masashi Ono,小野 昌志,Japan,J109-3255,20242,https://iaplc.com/gallery/en/image/preview?prefix=20242&app_id=J109-3255
2024,164,,Kawazoe Tomohiro,河添 智宏,Japan,J116-6389,20242,https://iaplc.com/gallery/en/image/preview?prefix=20242&app_id=J116-6389
2024,165,,Kevin Chuang,,South Africa,W107-8890,20242,https://iaplc.com/gallery/en/image/preview?prefix=20242&app_id=W107-8890
2024,166,,Abhirup Dasgupta,,India,W101-8062,20242,https://iaplc.com/gallery/en/image/preview?prefix=20242&app_id=W101-8062
2024,167,,Juan Puchades Juan Puchades,,Spain,W103-3285,20242,https://iaplc.com/gallery/en/image/preview?prefix=20242&app_id=W103-3285
2024,168,,Suwit Vanichvoranun,,Thailand,W118-7663,20242,https://iaplc.com/gallery/en/image/preview?prefix=20242&app_id=W118-7663
2024,169,,Hiroyuki Hokari,帆苅 寛之,Japan,J101-5529,20242,https://iaplc.com/gallery/en/image/preview?prefix=20242&app_id=J101-5529
2024,170,,Kazuya Watanabe,渡邉 和也,Japan,J110-6137,20242,https://iaplc.com/gallery/en/image/preview?prefix=20242&app_id=J110-6137
2024,171,,Chris Christiaan Chris Schoonraad,,South Africa,W102-9915,20242,https://iaplc.com/gallery/en/image/preview?prefix=20242&app_id=W102-9915
2024,172,,Shinjiro Shiraishi,白石 晋二郎,Japan,J114-5429,20242,https://iaplc.com/gallery/en/image/preview?prefix=20242&app_id=J114-5429
2024,173,,Giancarlo Espinoza,,Peru,W113-7152,20242,https://iaplc.com/gallery/en/image/preview?prefix=20242&app_id=W113-7152
2024,174,,Ryuta Yamamura,山村 隆太,Japan,J118-0235,20242,https://iaplc.com/gallery/en/image/preview?prefix=20242&app_id=J118-0235
2024,175,,Atsushi Suzuki,鈴木 敦,Japan,J105-7353,20242,https://iaplc.com/gallery/en/image/preview?prefix=20242&app_id=J105-7353
2024,176,,Yusuke Isono,磯野 佑介,Japan,J115-6960,20242,https://iaplc.com/gallery/en/image/preview?prefix=20242&app_id=J115-6960
2024,177,,Udi Ben zvi Mystic Mountain,,Israel,W107-8475,20242,https://iaplc.com/gallery/en/image/preview?prefix=20242&app_id=W107-8475
2024,179,,Sebastian Hopf,,Germany,W105-5263,20242,https://iaplc.com/gallery/en/image/preview?prefix=20242&app_id=W105-5263
2024,180,,Jie Zhang,张劼,People’s Republic of China,W119-1894,20242,https://iaplc.com/gallery/en/image/preview?prefix=20242&app_id=W119-1894
2024,181,,Rahul Mukherjee,,India,W100-7523,20242,https://iaplc.com/gallery/en/image/preview?prefix=20242&app_id=W100-7523
2024,182,,Toshinori Yanaka,谷中 俊則,Japan,J113-7286,20242,https://iaplc.com/gallery/en/image/preview?prefix=20242&app_id=J113-7286
2024,183,,Evgeny Trofimov,,Russian Federation,W101-4371,20242,https://iaplc.com/gallery/en/image/preview?prefix=20242&app_id=W101-4371
2024,184,,I Adinata I wayan bimantara adinata,,Indonesia,W109-1926,20242,https://iaplc.com/gallery/en/image/preview?prefix=20242&app_id=W109-1926
2024,185,,Sidney Cordeiro,,Brazil,W108-0245,20242,https://iaplc.com/gallery/en/image/preview?prefix=20242&app_id=W108-0245
2024,186,,Takuro Suzuki,鈴木 拓朗,Japan,J110-1512,20242,https://iaplc.com/gallery/en/image/preview?prefix=20242&app_id=J110-1512
2024,187,,Hayato Ochi,越智 隼人,Japan,J114-7497,20242,https://iaplc.com/gallery/en/image/preview?prefix=20242&app_id=J114-7497
2024,188,,Masahiro Tayama,田山 勝浩,Japan,J103-0970,20242,https://iaplc.com/gallery/en/image/preview?prefix=20242&app_id=J103-0970
2024,189,,Yosinobu Yamaguchi,山口 欣信,Japan,J114-6149,20242,https://iaplc.com/gallery/en/image/preview?prefix=20242&app_id=J114-6149
2024,191,,Marcin Biedal BIEDAL MARCIN,,Poland,W108-2720,20242,https://iaplc.com/gallery/en/image/preview?prefix=20242&app_id=W108-2720
2024,192,,Tomas Soto Tomas Soto,,Chile,W109-9607,20242,https://iaplc.com/gallery/en/image/preview?prefix=20242&app_id=W109-9607
2024,193,,Shigeru Takitani,滝谷 滋,Japan,J105-7102,20242,https://iaplc.com/gallery/en/image/preview?prefix=20242&app_id=J105-7102
2024,194,,Yuki Kimino,君野 雄規,Japan,J108-6209,20242,https://iaplc.com/gallery/en/image/preview?prefix=20242&app_id=J108-6209
2024,195,,Kenshin Tsutsui,筒井 健心,Japan,J114-6088,20242,https://iaplc.com/gallery/en/image/preview?prefix=20242&app_id=J114-6088
2024,196,,Bruno Fiorenza Bruno Fiorenza,,Italy,W105-5319,20242,https://iaplc.com/gallery/en/image/preview?prefix=20242&app_id=W105-5319
2024,197,,Ben Attokaran,,United Arab Emirates,W111-4265,20242,https://iaplc.com/gallery/en/image/preview?prefix=20242&app_id=W111-4265
2024,198,,Yasuhiro Ito,伊藤 寧洋,Japan,J100-6356,20242,https://iaplc.com/gallery/en/image/preview?prefix=20242&app_id=J100-6356
2024,199,,Qiang Dong,董 强,People’s Republic of China,W110-8302,20242,https://iaplc.com/gallery/en/image/preview?prefix=20242&app_id=W110-8302
2024,200,,Mikio Yamada,山田 幹夫,Japan,J101-8620,20242,https://iaplc.com/gallery/en/image/preview?prefix=20242&app_id=J101-8620
2024,201,,Hisanao Takeuchi,武内 寿直,Japan,J104-1719,20242,https://iaplc.com/gallery/en/image/preview?prefix=20242&app_id=J104-1719
2024,202,,Stig Von der Ahe,,Denmark,W116-7207,20242,https://iaplc.com/gallery/en/image/preview?prefix=20242&app_id=W116-7207
2024,203,,Aliaksei Kirhizau,,Belarus,W111-7871,20242,https://iaplc.com/gallery/en/image/preview?prefix=20242&app_id=W111-7871
2024,204,,Junichi Itakura,板倉 淳一,Japan,J107-8090,20242,https://iaplc.com/gallery/en/image/preview?prefix=20242&app_id=J107-8090
2024,205,,Khong Yu Han,江宇涵,Malaysia,W112-3772,20242,https://iaplc.com/gallery/en/image/preview?prefix=20242&app_id=W112-3772
2024,206,,Ben Gill,,Great Britain,W107-0365,20242,https://iaplc.com/gallery/en/image/preview?prefix=20242&app_id=W107-0365
2024,207,,Maiko Katsuura,勝浦 舞子,Japan,J114-0920,20242,https://iaplc.com/gallery/en/image/preview?prefix=20242&app_id=J114-0920
2024,208,,LongHaNguyen LongHaNguyen LongHaNguyen,,Vietnam,W106-8767,20242,https://iaplc.com/gallery/en/image/preview?prefix=20242&app_id=W106-8767
2024,209,,Haewon Lee,,Republic of Korea,W114-6473,20242,https://iaplc.com/gallery/en/image/preview?prefix=20242&app_id=W114-6473
2024,210,,Son Tu Thai,,Vietnam,W118-6485,20242,https://iaplc.com/gallery/en/image/preview?prefix=20242&app_id=W118-6485
2024,211,,Wen Jing Chen,陳文景,Chinese Taipei,W108-9011,20242,https://iaplc.com/gallery/en/image/preview?prefix=20242&app_id=W108-9011
2024,212,,Tatsuya Tsuneizumi,常泉 達也,Japan,J102-5824,20242,https://iaplc.com/gallery/en/image/preview?prefix=20242&app_id=J102-5824
2024,213,,HIDEKAZU TSUKIJI,築地 秀和,Japan,J106-4330,20242,https://iaplc.com/gallery/en/image/preview?prefix=20242&app_id=J106-4330
2024,214,,QUANG TRUONG,,Vietnam,W116-0777,20242,https://iaplc.com/gallery/en/image/preview?prefix=20242&app_id=W116-0777
2024,215,,DONGYOON KIM,金東閏,Republic of Korea,W103-8573,20242,https://iaplc.com/gallery/en/image/preview?prefix=20242&app_id=W103-8573
2024,216,,Thorsten Peetz,,Germany,W107-3275,20242,https://iaplc.com/gallery/en/image/preview?prefix=20242&app_id=W107-3275
2024,217,,Takeshi Sadoshima,佐渡島 健,Japan,J102-8108,20242,https://iaplc.com/gallery/en/image/preview?prefix=20242&app_id=J102-8108
2024,218,,Shusaku Murakami,村上 秀作,Japan,J104-1382,20242,https://iaplc.com/gallery/en/image/preview?prefix=20242&app_id=J104-1382
2024,219,,Debayan Das,,India,W105-2610,20242,https://iaplc.com/gallery/en/image/preview?prefix=20242&app_id=W105-2610
2024,220,,Alex Franqui Alexander Franqui,,United States of America,W119-4699,20242,https://iaplc.com/gallery/en/image/preview?prefix=20242&app_id=W119-4699
2024,221,,NABIYAL CHENATHPARAMBIL,,India,W107-7124,20242,https://iaplc.com/gallery/en/image/preview?prefix=20242&app_id=W107-7124
2024,222,,Kenichi Kabashima,樺島 賢一,Japan,J102-7444,20242,https://iaplc.com/gallery/en/image/preview?prefix=20242&app_id=J102-7444
2024,223,,FELIPE DIAS DE CAMARGO,,Brazil,W115-4529,20242,https://iaplc.com/gallery/en/image/preview?prefix=20242&app_id=W115-4529
2024,224,,Pawel Kosciolek Paweł Kościółek,,Poland,W113-3047,20242,https://iaplc.com/gallery/en/image/preview?prefix=20242&app_id=W113-3047
2024,225,,Tadashi Osaki,大﨑 格志,Japan,J108-9087,20242,https://iaplc.com/gallery/en/image/preview?prefix=20242&app_id=J108-9087
2024,226,,Yigiu Hayashi,林雨樵,People’s Republic of China,W115-7504,20242,https://iaplc.com/gallery/en/image/preview?prefix=20242&app_id=W115-7504
2024,227,,Shunta Sasaki,佐々木 駿太,Japan,J108-6776,20242,https://iaplc.com/gallery/en/image/preview?prefix=20242&app_id=J108-6776
2024,228,,DENIS ASSAO,,Brazil,W115-5263,20242,https://iaplc.com/gallery/en/image/preview?prefix=20242&app_id=W115-5263
2024,229,,Duong Nguyen Dai,,Vietnam,W110-3147,20242,https://iaplc.com/gallery/en/image/preview?prefix=20242&app_id=W110-3147
2024,230,,Marcal Gali Bohera Marçal Gali Bohera,,Spain,W110-1872,20242,https://iaplc.com/gallery/en/image/preview?prefix=20242&app_id=W110-1872
2024,231,,Laurent Garcia,,France,W116-3733,20242,https://iaplc.com/gallery/en/image/preview?prefix=20242&app_id=W116-3733
2024,232,,Juan Cruz Tambornino,,Argentina,W113-1273,20242,https://iaplc.com/gallery/en/image/preview?prefix=20242&app_id=W113-1273
2024,233,,Keisuke Otsuka,大塚 敬介,Japan,J108-1379,20242,https://iaplc.com/gallery/en/image/preview?prefix=20242&app_id=J108-1379
2024,234,,MICHIYO NAOI,直井 美智代,Japan,J108-9823,20242,https://iaplc.com/gallery/en/image/preview?prefix=20242&app_id=J108-9823
2024,235,,HUANG CHIEN CHIH,黃建誌,Chinese Taipei,W114-1624,20242,https://iaplc.com/gallery/en/image/preview?prefix=20242&app_id=W114-1624
2024,236,,Robert Sperk,,Austria,W108-7836,20242,https://iaplc.com/gallery/en/image/preview?prefix=20242&app_id=W108-7836
2024,237,,Florian Friedrich Bergerhoff,,Germany,W118-4015,20242,https://iaplc.com/gallery/en/image/preview?prefix=20242&app_id=W118-4015
2024,238,,David Lazo,,Chile,W115-2376,20242,https://iaplc.com/gallery/en/image/preview?prefix=20242&app_id=W115-2376
2024,239,,Mizuki Yasuda,保田 瑞基,Japan,J114-5791,20242,https://iaplc.com/gallery/en/image/preview?prefix=20242&app_id=J114-5791
2024,240,,Tyler Chiarelli,,Canada,W105-1300,20242,https://iaplc.com/gallery/en/image/preview?prefix=20242&app_id=W105-1300
2024,241,,Qing Shi,时 庆,People’s Republic of China,W112-8344,20242,https://iaplc.com/gallery/en/image/preview?prefix=20242&app_id=W112-8344
2024,242,,Tatsuya Yamagata,山形 達也,Japan,J101-9864,20242,https://iaplc.com/gallery/en/image/preview?prefix=20242&app_id=J101-9864
2024,243,,Tatsuya Uchide,内出 達矢,Japan,J114-6727,20242,https://iaplc.com/gallery/en/image/preview?prefix=20242&app_id=J114-6727
2024,244,,Toshiki Morishita,森下 季輝,Japan,J111-6092,20242,https://iaplc.com/gallery/en/image/preview?prefix=20242&app_id=J111-6092
2024,245,,Yu Fujimori,藤森 佑,Japan,J116-0847,20242,https://iaplc.com/gallery/en/image/preview?prefix=20242&app_id=J116-0847
2024,246,,Yusaku Aoki,青木 優作,Japan,J117-5240,20242,https://iaplc.com/gallery/en/image/preview?prefix=20242&app_id=J117-5240
2024,247,,Yunhao Wu,吳鋆浩,Chinese Taipei,W117-2589,20242,https://iaplc.com/gallery/en/image/preview?prefix=20242&app_id=W117-2589
2024,248,,Kumiko Takashima,高島 薫美子,Japan,J101-8585,20242,https://iaplc.com/gallery/en/image/preview?prefix=20242&app_id=J101-8585
2024,249,,Albert Escrihuela Caceres Albert Escrihuela Cáceres,,Spain,W106-8779,20242,https://iaplc.com/gallery/en/image/preview?prefix=20242&app_id=W106-8779
2024,250,,Selim Firat,,United States of America,W118-4579,20242,https://iaplc.com/gallery/en/image/preview?prefix=20242&app_id=W118-4579
2024,251,,Hai Nguyen Van Van Hai Nguyen,,Vietnam,W109-8597,20242,https://iaplc.com/gallery/en/image/preview?prefix=20242&app_id=W109-8597
2024,252,,Erik Ee Erik,,Malaysia,W117-2442,20242,https://iaplc.com/gallery/en/image/preview?prefix=20242&app_id=W117-2442
2024,253,,Neil Robins Neil Robins,,Great Britain,W103-9330,20242,https://iaplc.com/gallery/en/image/preview?prefix=20242&app_id=W103-9330
2024,254,,Karl Hauber Karl Hauber,,Austria,W109-1394,20242,https://iaplc.com/gallery/en/image/preview?prefix=20242&app_id=W109-1394
2024,255,,HongQuang Chu,,Vietnam,W107-4422,20242,https://iaplc.com/gallery/en/image/preview?prefix=20242&app_id=W107-4422
2024,256,,Mohammed Talha Saleh,塔尔哈,Bangladesh,W100-6788,20242,https://iaplc.com/gallery/en/image/preview?prefix=20242&app_id=W100-6788
2024,257,,Debraj Ghosh,,India,W104-2935,20242,https://iaplc.com/gallery/en/image/preview?prefix=20242&app_id=W104-2935
2024,258,,Seongcheol Kim,金成哲,Republic of Korea,W102-0629,20242,https://iaplc.com/gallery/en/image/preview?prefix=20242&app_id=W102-0629
2024,259,,MARCOS CARRAH JUNIOR,,Brazil,W116-3472,20242,https://iaplc.com/gallery/en/image/preview?prefix=20242&app_id=W116-3472
2024,260,,Arindam Banerjee,,India,W118-4364,20242,https://iaplc.com/gallery/en/image/preview?prefix=20242&app_id=W118-4364
2024,261,,Akihiro Nakaya,中矢 明宏,Japan,J109-8350,20242,https://iaplc.com/gallery/en/image/preview?prefix=20242&app_id=J109-8350
2024,262,,Andi Wahyu Andi Wahyu,,Indonesia,W115-3365,20242,https://iaplc.com/gallery/en/image/preview?prefix=20242&app_id=W115-3365
2024,263,,Susanta Nandi,,India,W105-3922,20242,https://iaplc.com/gallery/en/image/preview?prefix=20242&app_id=W105-3922
2024,264,,Truong Nguyen,,Vietnam,W104-5885,20242,https://iaplc.com/gallery/en/image/preview?prefix=20242&app_id=W104-5885
2024,265,,Kohei Ito,伊藤 康平,Japan,J119-7242,20242,https://iaplc.com/gallery/en/image/preview?prefix=20242&app_id=J119-7242
2024,266,,Mahiro Bando,坂東 真弥,Japan,J115-1306,20242,https://iaplc.com/gallery/en/image/preview?prefix=20242&app_id=J115-1306
2024,267,,Richard Enriquez,,Philippines,W115-1645,20242,https://iaplc.com/gallery/en/image/preview?prefix=20242&app_id=W115-1645
2024,268,,MINH QUOI TRAN,,Vietnam,W113-2810,20242,https://iaplc.com/gallery/en/image/preview?prefix=20242&app_id=W113-2810
2024,269,,Styrbjorn Kall,,Sweden,W114-5469,20242,https://iaplc.com/gallery/en/image/preview?prefix=20242&app_id=W114-5469
2024,270,,Fernando Satonaka,里中 フェルナンド,Japan,J118-1459,20242,https://iaplc.com/gallery/en/image/preview?prefix=20242&app_id=J118-1459
2024,271,,Sim Sin,沈闻新,Malaysia,W116-3397,20242,https://iaplc.com/gallery/en/image/preview?prefix=20242&app_id=W116-3397
2024,272,,Matthew McGrath Matthew McGrath,,Canada,W118-5498,20242,https://iaplc.com/gallery/en/image/preview?prefix=20242&app_id=W118-5498
2024,273,,Haruji Takee,武江 春治,Japan,J116-2658,20242,https://iaplc.com/gallery/en/image/preview?prefix=20242&app_id=J116-2658
2024,274,,Enkhbat Nemekhbayar,,Mongolia,W101-9710,20242,https://iaplc.com/gallery/en/image/preview?prefix=20242&app_id=W101-9710
2024,275,,Stefan Danila,,Romania,W105-1206,20242,https://iaplc.com/gallery/en/image/preview?prefix=20242&app_id=W105-1206
2024,276,,Yoyo Prayogi,,Indonesia,W112-3625,20242,https://iaplc.com/gallery/en/image/preview?prefix=20242&app_id=W112-3625
2024,277,,STEVE ONG,王艺松,Malaysia,W105-5718,20242,https://iaplc.com/gallery/en/image/preview?prefix=20242&app_id=W105-5718
2024,278,,Joao Pinheiro,,Portugal,W104-5022,20242,https://iaplc.com/gallery/en/image/preview?prefix=20242&app_id=W104-5022
2024,279,,Miyuki Kishishita kishishita miyuki,,Japan,J101-8859,20242,https://iaplc.com/gallery/en/image/preview?prefix=20242&app_id=J101-8859
2024,280,,Niladri Das,,India,W106-0571,20242,https://iaplc.com/gallery/en/image/preview?prefix=20242&app_id=W106-0571
2024,281,,Aurelien Corjon,,France,W109-9437,20242,https://iaplc.com/gallery/en/image/preview?prefix=20242&app_id=W109-9437
2024,282,,Bela Peter,,Hungary,W111-5888,20242,https://iaplc.com/gallery/en/image/preview?prefix=20242&app_id=W111-5888
2024,283,,Kelvin Lim,林伟翔,Singapore,W116-0811,20242,https://iaplc.com/gallery/en/image/preview?prefix=20242&app_id=W116-0811
2024,284,,Aaron Barquero Fonseca,,Costa Rica,W117-1985,20242,https://iaplc.com/gallery/en/image/preview?prefix=20242&app_id=W117-1985
2024,285,,Michael Gissler,,Germany,W118-5846,20242,https://iaplc.com/gallery/en/image/preview?prefix=20242&app_id=W118-5846
2024,286,,Qiang Zhao,赵 强,People’s Republic of China,W113-8330,20242,https://iaplc.com/gallery/en/image/preview?prefix=20242&app_id=W113-8330
2024,287,,GEORGE ADONIS,,Malaysia,W102-9147,20242,https://iaplc.com/gallery/en/image/preview?prefix=20242&app_id=W102-9147
2024,288,,Long Tran,,Vietnam,W115-7259,20242,https://iaplc.com/gallery/en/image/preview?prefix=20242&app_id=W115-7259
2024,289,,Shreya Gune,,India,W101-7715,20242,https://iaplc.com/gallery/en/image/preview?prefix=20242&app_id=W101-7715
2024,290,,Toru Yoshida,吉田 徹,Japan,J113-5694,20242,https://iaplc.com/gallery/en/image/preview?prefix=20242&app_id=J113-5694
2024,291,,Arata Koyama,小山 新太,Japan,J114-8320,20242,https://iaplc.com/gallery/en/image/preview?prefix=20242&app_id=J114-8320
2024,292,,YongMing Zhang,张永明,People’s Republic of China,W101-2141,20242,https://iaplc.com/gallery/en/image/preview?prefix=20242&app_id=W101-2141
2024,293,,Li Yuepeng,李悦鹏,People’s Republic of China,W100-1841,20242,https://iaplc.com/gallery/en/image/preview?prefix=20242&app_id=W100-1841
2024,294,,Piero Ballarini Piero Ballarini,,Italy,W115-4787,20242,https://iaplc.com/gallery/en/image/preview?prefix=20242&app_id=W115-4787
2024,295,,Zhuang Zhuang,壮 壮,People’s Republic of China,W113-8318,20242,https://iaplc.com/gallery/en/image/preview?prefix=20242&app_id=W113-8318
2024,296,,Siak Wee Yeo,,Malaysia,W114-6981,20242,https://iaplc.com/gallery/en/image/preview?prefix=20242&app_id=W114-6981
2024,297,,Mayura Rasanga,,Sri Lanka,W109-5782,20242,https://iaplc.com/gallery/en/image/preview?prefix=20242&app_id=W109-5782
2024,298,,INDRAJIT DAS INDRAJIT DAS,,India,W112-1057,20242,https://iaplc.com/gallery/en/image/preview?prefix=20242&app_id=W112-1057
2024,299,,Shinichi Hattori,服部 真一,Japan,J103-5147,20242,https://iaplc.com/gallery/en/image/preview?prefix=20242&app_id=J103-5147
2024,300,,Nobphacha Yimyou,,Thailand,W117-0183,20242,https://iaplc.com/gallery/en/image/preview?prefix=20242&app_id=W117-0183
2023,1,,Zhemin Fan,哲敏 范,People’s Republic of China,W021-3345,20232,https://iaplc.com/gallery/en/image/preview?prefix=20232&app_id=W021-3345
2023,2,,Gang Zhao,赵 刚,People’s Republic of China,W022-3358,20232,https://iaplc.com/gallery/en/image/preview?prefix=20232&app_id=W022-3358
2023,3,,Josh Sim,,Malaysia,W004-5138,20232,https://iaplc.com/gallery/en/image/preview?prefix=20232&app_id=W004-5138
2023,4,,Nobphacha Yimyou,,Thailand,W007-8669,20232,https://iaplc.com/gallery/en/image/preview?prefix=20232&app_id=W007-8669
2023,5,,Carlos Souza,,Brazil,W018-5748,20232,https://iaplc.com/gallery/en/image/preview?prefix=20232&app_id=W018-5748
2023,6,,Philip Schwarz Philip Schwarz,,Austria,W013-3137,20232,https://iaplc.com/gallery/en/image/preview?prefix=20232&app_id=W013-3137
2023,7,,Minh Tran Duc,,Vietnam,W008-4970,20232,https://iaplc.com/gallery/en/image/preview?prefix=20232&app_id=W008-4970
2023,8,,Eri Tokusashi,徳差 江里,Japan,J015-9681,20232,https://iaplc.com/gallery/en/image/preview?prefix=20232&app_id=J015-9681
2023,9,,Insik Chung,,Republic of Korea,W016-4412,20232,https://iaplc.com/gallery/en/image/preview?prefix=20232&app_id=W016-4412
2023,10,,Milos Nikolic,,Serbia,W019-8996,20232,https://iaplc.com/gallery/en/image/preview?prefix=20232&app_id=W019-8996
2023,11,,Fabian Beck,,Germany,W012-5209,20232,https://iaplc.com/gallery/en/image/preview?prefix=20232&app_id=W012-5209
2023,12,,Chao Wang,超 王,People’s Republic of China,W027-3363,20232,https://iaplc.com/gallery/en/image/preview?prefix=20232&app_id=W027-3363
2023,13,,Ryan Noel,,United States of America,W010-1148,20232,https://iaplc.com/gallery/en/image/preview?prefix=20232&app_id=W010-1148
2023,14,,Mario Schätz,,Austria,W005-9148,20232,https://iaplc.com/gallery/en/image/preview?prefix=20232&app_id=W005-9148
2023,15,,Jiri Pova Jiří Pova,,Czech Republic,W010-3750,20232,https://iaplc.com/gallery/en/image/preview?prefix=20232&app_id=W010-3750
2023,16,,勇 鈴木 鈴木 勇,勇 鈴木 鈴木 勇,Japan,J001-8282,20232,https://iaplc.com/gallery/en/image/preview?prefix=20232&app_id=J001-8282
2023,17,,Kazuma Takeuchi,竹内 一馬,Japan,J026-1137,20232,https://iaplc.com/gallery/en/image/preview?prefix=20232&app_id=J026-1137
2023,18,,takashi takami,高見 好志,Japan,J000-3881,20232,https://iaplc.com/gallery/en/image/preview?prefix=20232&app_id=J000-3881
2023,19,,Yoshihiro Shiga,志賀 美洋,Japan,J019-3966,20232,https://iaplc.com/gallery/en/image/preview?prefix=20232&app_id=J019-3966
2023,20,,Mark Clifton mark clifton,,Australia,W004-5771,20232,https://iaplc.com/gallery/en/image/preview?prefix=20232&app_id=W004-5771
2023,21,,Takahagi Yuta,髙萩 雄大,Japan,J016-4268,20232,https://iaplc.com/gallery/en/image/preview?prefix=20232&app_id=J016-4268
2023,22,,Cliff Hui,許錦汶,"Hong Kong, China",W018-7906,20232,https://iaplc.com/gallery/en/image/preview?prefix=20232&app_id=W018-7906
2023,23,,Dorin Florian Romaniuc,,Great Britain,W014-5192,20232,https://iaplc.com/gallery/en/image/preview?prefix=20232&app_id=W014-5192
2023,24,,Pairat Pinwong Pairat pinwong,,Thailand,W002-8924,20232,https://iaplc.com/gallery/en/image/preview?prefix=20232&app_id=W002-8924
2023,25,,naoya yamada,山田 直也,Japan,J013-0743,20232,https://iaplc.com/gallery/en/image/preview?prefix=20232&app_id=J013-0743
2023,26,,Sheng Long Wang,胜龙 王,People’s Republic of China,W021-3379,20232,https://iaplc.com/gallery/en/image/preview?prefix=20232&app_id=W021-3379
2023,27,,Amir Valadkhani Amir Valadkhani,,Islamic Republic of Iran,W001-5147,20232,https://iaplc.com/gallery/en/image/preview?prefix=20232&app_id=W001-5147
2023,28,,atsushi suzuki,鈴木 敦,Japan,J008-9510,20232,https://iaplc.com/gallery/en/image/preview?prefix=20232&app_id=J008-9510
2023,29,,Luis Cardoso,,Portugal,W006-7432,20232,https://iaplc.com/gallery/en/image/preview?prefix=20232&app_id=W006-7432
2023,30,,tanaka katsuki,タナカ カツキ,Japan,J019-9615,20232,https://iaplc.com/gallery/en/image/preview?prefix=20232&app_id=J019-9615
2023,31,,Damian Gysi,,Switzerland,W012-1173,20232,https://iaplc.com/gallery/en/image/preview?prefix=20232&app_id=W012-1173
2023,32,,Pavol Kulanda Pavol Kulanda,,Great Britain,W005-5166,20232,https://iaplc.com/gallery/en/image/preview?prefix=20232&app_id=W005-5166
2023,33,,Shuang Li,李爽,People’s Republic of China,W011-9854,20232,https://iaplc.com/gallery/en/image/preview?prefix=20232&app_id=W011-9854
2023,34,,Trieu Le Vu Hoang,,Vietnam,W005-7914,20232,https://iaplc.com/gallery/en/image/preview?prefix=20232&app_id=W005-7914
2023,35,,Hien Nguyen Duc,,Vietnam,W008-4867,20232,https://iaplc.com/gallery/en/image/preview?prefix=20232&app_id=W008-4867
2023,36,,Rahul Mukherjee,,India,W008-8134,20232,https://iaplc.com/gallery/en/image/preview?prefix=20232&app_id=W008-8134
2023,37,,Kenta Yamamoto,山本 健太,Japan,J019-0842,20232,https://iaplc.com/gallery/en/image/preview?prefix=20232&app_id=J019-0842
2023,38,,Marcelo Takeno,,Brazil,W010-9429,20232,https://iaplc.com/gallery/en/image/preview?prefix=20232&app_id=W010-9429
2023,39,,Luis Carlos Galarraga Luis Carlos Ardid Galarraga,,Brazil,W017-8451,20232,https://iaplc.com/gallery/en/image/preview?prefix=20232&app_id=W017-8451
2023,40,,Poomjate Makchay,,Thailand,W029-2620,20232,https://iaplc.com/gallery/en/image/preview?prefix=20232&app_id=W029-2620
2023,42,,Haofeng Li,黎 浩枫,People’s Republic of China,W029-3386,20232,https://iaplc.com/gallery/en/image/preview?prefix=20232&app_id=W029-3386
2023,43,,HIEU NGUYEN TRUNG,,Vietnam,W005-3907,20232,https://iaplc.com/gallery/en/image/preview?prefix=20232&app_id=W005-3907
2023,44,,Soon Meng Wong,黃順明,Singapore,W018-8183,20232,https://iaplc.com/gallery/en/image/preview?prefix=20232&app_id=W018-8183
2023,45,,Aya Aoki,青木 あや,Japan,J011-4310,20232,https://iaplc.com/gallery/en/image/preview?prefix=20232&app_id=J011-4310
2023,46,,Debraj Ghosh,,India,W018-0052,20232,https://iaplc.com/gallery/en/image/preview?prefix=20232&app_id=W018-0052
2023,47,,Pham Duc Manh,,Vietnam,W021-0898,20232,https://iaplc.com/gallery/en/image/preview?prefix=20232&app_id=W021-0898
2023,48,,Fabricio Rufino de Souza,,Brazil,W001-4133,20232,https://iaplc.com/gallery/en/image/preview?prefix=20232&app_id=W001-4133
2023,49,,Luiz Junior,,Brazil,W016-9541,20232,https://iaplc.com/gallery/en/image/preview?prefix=20232&app_id=W016-9541
2023,50,,João Pinheiro,,Portugal,W016-0000,20232,https://iaplc.com/gallery/en/image/preview?prefix=20232&app_id=W016-0000
2023,51,,Vincent Braquet,,France,W008-4716,20232,https://iaplc.com/gallery/en/image/preview?prefix=20232&app_id=W008-4716
2023,52,,Jihang Liang,梁继航,People’s Republic of China,W027-2348,20232,https://iaplc.com/gallery/en/image/preview?prefix=20232&app_id=W027-2348
2023,53,,Ludo BOURDIN Ludovic Bourdin,,France,W002-9845,20232,https://iaplc.com/gallery/en/image/preview?prefix=20232&app_id=W002-9845
2023,54,,Hironori Handa,半田 浩規,Japan,J011-6736,20232,https://iaplc.com/gallery/en/image/preview?prefix=20232&app_id=J011-6736
2023,55,,Fernando Moraes,,Brazil,W005-2331,20232,https://iaplc.com/gallery/en/image/preview?prefix=20232&app_id=W005-2331
2023,56,,Maxime Douheret,,France,W001-1214,20232,https://iaplc.com/gallery/en/image/preview?prefix=20232&app_id=W001-1214
2023,57,,Yoshihiro Ota,太田 佳宏,Japan,J017-3636,20232,https://iaplc.com/gallery/en/image/preview?prefix=20232&app_id=J017-3636
2023,58,,Angga Raditya,,Indonesia,W008-9317,20232,https://iaplc.com/gallery/en/image/preview?prefix=20232&app_id=W008-9317
2023,59,,Tomaz Minatti,,Brazil,W000-4179,20232,https://iaplc.com/gallery/en/image/preview?prefix=20232&app_id=W000-4179
2023,60,,Jean-Christophe GROSSET,,France,W008-8673,20232,https://iaplc.com/gallery/en/image/preview?prefix=20232&app_id=W008-8673
2023,61,,DUC KIEN PHAM,,Vietnam,W010-6416,20232,https://iaplc.com/gallery/en/image/preview?prefix=20232&app_id=W010-6416
2023,62,,Alexander Hecht Alexander Hecht,,Austria,W002-8445,20232,https://iaplc.com/gallery/en/image/preview?prefix=20232&app_id=W002-8445
2023,63,,Paco Mir,,Spain,W007-6886,20232,https://iaplc.com/gallery/en/image/preview?prefix=20232&app_id=W007-6886
2023,64,,よろこびどう 山口,よろこびどう 山口,Japan,W017-7085,20232,https://iaplc.com/gallery/en/image/preview?prefix=20232&app_id=W017-7085
2023,65,,Nguyen Le Tran Khoa,,Vietnam,W009-1257,20232,https://iaplc.com/gallery/en/image/preview?prefix=20232&app_id=W009-1257
2023,66,,Luis Alejandro Garzón Ospina,,Colombia,W014-9910,20232,https://iaplc.com/gallery/en/image/preview?prefix=20232&app_id=W014-9910
2023,67,,Zanyou Xiao,肖 瓒酉,People’s Republic of China,W022-3395,20232,https://iaplc.com/gallery/en/image/preview?prefix=20232&app_id=W022-3395
2023,68,,Kai Wai Chen,陳佳懷,"Hong Kong, China",W005-3962,20232,https://iaplc.com/gallery/en/image/preview?prefix=20232&app_id=W005-3962
2023,69,,Shinichi Chiba,千葉 伸一,Japan,J016-6330,20232,https://iaplc.com/gallery/en/image/preview?prefix=20232&app_id=J016-6330
2023,70,,Marçal Galí Bohera,,Spain,W016-5301,20232,https://iaplc.com/gallery/en/image/preview?prefix=20232&app_id=W016-5301
2023,72,,yoon taegi,윤태기,Republic of Korea,W003-9499,20232,https://iaplc.com/gallery/en/image/preview?prefix=20232&app_id=W003-9499
2023,73,,Minh Pham Ngoc,,Vietnam,W009-5715,20232,https://iaplc.com/gallery/en/image/preview?prefix=20232&app_id=W009-5715
2023,74,,Javier Salmeron,,Mexico,W017-9696,20232,https://iaplc.com/gallery/en/image/preview?prefix=20232&app_id=W017-9696
2023,75,,Rui Wang,汪 蕊,People’s Republic of China,W027-3409,20232,https://iaplc.com/gallery/en/image/preview?prefix=20232&app_id=W027-3409
2023,76,,Teck Soon Wong,黄德顺,Malaysia,W018-7719,20232,https://iaplc.com/gallery/en/image/preview?prefix=20232&app_id=W018-7719
2023,77,,Ryuji Endo,遠藤 竜仁,Japan,J008-7968,20232,https://iaplc.com/gallery/en/image/preview?prefix=20232&app_id=J008-7968
2023,78,,Anh Nguyen Dinh,,Vietnam,W010-8168,20232,https://iaplc.com/gallery/en/image/preview?prefix=20232&app_id=W010-8168
2023,79,,Kenshin Tsutsui,筒井 健心,Japan,J023-1223,20232,https://iaplc.com/gallery/en/image/preview?prefix=20232&app_id=J023-1223
2023,80,,Hiten Goolab Hiten Goolab,,South Africa,W014-9289,20232,https://iaplc.com/gallery/en/image/preview?prefix=20232&app_id=W014-9289
2023,81,,Ismael Figueira Ismael Figueira,,Portugal,W002-6649,20232,https://iaplc.com/gallery/en/image/preview?prefix=20232&app_id=W002-6649
2023,82,,Shigeru Takitani,滝谷 滋,Japan,J016-6956,20232,https://iaplc.com/gallery/en/image/preview?prefix=20232&app_id=J016-6956
2023,83,,Dmitriy Noskov,,Russian Federation,W006-4125,20232,https://iaplc.com/gallery/en/image/preview?prefix=20232&app_id=W006-4125
2023,84,,Haruji Takee,武江 春治,Japan,J018-2038,20232,https://iaplc.com/gallery/en/image/preview?prefix=20232&app_id=J018-2038
2023,85,,Thorsten Peetz,,Germany,W018-4060,20232,https://iaplc.com/gallery/en/image/preview?prefix=20232&app_id=W018-4060
2023,86,,NABIYAL CHENATHPARAMBIL,,India,W007-8165,20232,https://iaplc.com/gallery/en/image/preview?prefix=20232&app_id=W007-8165
2023,87,,Masashi Ono,小野 昌志,Japan,J002-7487,20232,https://iaplc.com/gallery/en/image/preview?prefix=20232&app_id=J002-7487
2023,88,,michiyo naoi,直井 美智代,Japan,J017-3743,20232,https://iaplc.com/gallery/en/image/preview?prefix=20232&app_id=J017-3743
2023,89,,Claudio Sartor,,Italy,W004-4292,20232,https://iaplc.com/gallery/en/image/preview?prefix=20232&app_id=W004-4292
2023,90,,Khong Yuhan,江宇涵,Malaysia,W013-0372,20232,https://iaplc.com/gallery/en/image/preview?prefix=20232&app_id=W013-0372
2023,91,,San Kim,,Republic of Korea,W010-6866,20232,https://iaplc.com/gallery/en/image/preview?prefix=20232&app_id=W010-6866
2023,92,,David Lazo T.,,Chile,W006-7201,20232,https://iaplc.com/gallery/en/image/preview?prefix=20232&app_id=W006-7201
2023,93,,建誌 黃 黃建誌,建誌 黃 黃建誌,Chinese Taipei,W013-8339,20232,https://iaplc.com/gallery/en/image/preview?prefix=20232&app_id=W013-8339
2023,94,,YUAN COOL,余昭渊,Malaysia,W011-0388,20232,https://iaplc.com/gallery/en/image/preview?prefix=20232&app_id=W011-0388
2023,95,,Luis Angel Perfecto Lopez,,Mexico,W020-0094,20232,https://iaplc.com/gallery/en/image/preview?prefix=20232&app_id=W020-0094
2023,96,,Viktor Láng,,Hungary,W006-6456,20232,https://iaplc.com/gallery/en/image/preview?prefix=20232&app_id=W006-6456
2023,97,,Hiroyuki Hokari,帆苅 寛之,Japan,J011-0861,20232,https://iaplc.com/gallery/en/image/preview?prefix=20232&app_id=J011-0861
2023,98,,TAKUJI TANIGUCHI,谷口 拓司,Japan,J015-9161,20232,https://iaplc.com/gallery/en/image/preview?prefix=20232&app_id=J015-9161
2023,99,,shinya kadota,門田 伸也,Japan,J016-4088,20232,https://iaplc.com/gallery/en/image/preview?prefix=20232&app_id=J016-4088
2023,100,,Victor Schaenzle,,Austria,W011-9447,20232,https://iaplc.com/gallery/en/image/preview?prefix=20232&app_id=W011-9447
2023,101,,Xudong Zheng,郑旭东,People’s Republic of China,W019-0402,20232,https://iaplc.com/gallery/en/image/preview?prefix=20232&app_id=W019-0402
2023,102,,Honglei He,何 鸿磊,People’s Republic of China,W022-3410,20232,https://iaplc.com/gallery/en/image/preview?prefix=20232&app_id=W022-3410
2023,103,,Aibara Ryusho,相原 龍翔,Japan,J015-7593,20232,https://iaplc.com/gallery/en/image/preview?prefix=20232&app_id=J015-7593
2023,104,,Marcin Zając,,Poland,W007-8779,20232,https://iaplc.com/gallery/en/image/preview?prefix=20232&app_id=W007-8779
2023,105,,seungjin Choi,崔升鎭,Republic of Korea,W019-0978,20232,https://iaplc.com/gallery/en/image/preview?prefix=20232&app_id=W019-0978
2023,106,,Matthew Israel Manes,,Philippines,W018-7758,20232,https://iaplc.com/gallery/en/image/preview?prefix=20232&app_id=W018-7758
2023,107,,Jin Liang,梁劲,People’s Republic of China,W005-4203,20232,https://iaplc.com/gallery/en/image/preview?prefix=20232&app_id=W005-4203
2023,108,,shaofeng chen,陈劭锋,People’s Republic of China,W006-4037,20232,https://iaplc.com/gallery/en/image/preview?prefix=20232&app_id=W006-4037
2023,109,,Eakthanat Isarathikul,,Thailand,W009-1362,20232,https://iaplc.com/gallery/en/image/preview?prefix=20232&app_id=W009-1362
2023,110,,Edu Maya,,Spain,W019-8807,20232,https://iaplc.com/gallery/en/image/preview?prefix=20232&app_id=W019-8807
2023,112,,ka wang Tam,譚嘉宏,"Macau, China",W011-0157,20232,https://iaplc.com/gallery/en/image/preview?prefix=20232&app_id=W011-0157
2023,113,,Yufan Yang,杨 雨帆,People’s Republic of China,W024-3421,20232,https://iaplc.com/gallery/en/image/preview?prefix=20232&app_id=W024-3421
2023,114,,Albert Escrihuela Cáceres Albert Escrihuela Cáceres,,Spain,W009-9665,20232,https://iaplc.com/gallery/en/image/preview?prefix=20232&app_id=W009-9665
2023,115,,Yi Ye,叶 毅,People’s Republic of China,W024-3435,20232,https://iaplc.com/gallery/en/image/preview?prefix=20232&app_id=W024-3435
2023,116,,Liwei Guan,关 利伟,People’s Republic of China,W020-3443,20232,https://iaplc.com/gallery/en/image/preview?prefix=20232&app_id=W020-3443
2023,117,,Dong Jin Shin,,Republic of Korea,W008-7738,20232,https://iaplc.com/gallery/en/image/preview?prefix=20232&app_id=W008-7738
2023,118,,TRẦN ĐỨC,,Vietnam,W027-1802,20232,https://iaplc.com/gallery/en/image/preview?prefix=20232&app_id=W027-1802
2023,119,,Tianchi Wang,王 天池,People’s Republic of China,W022-3458,20232,https://iaplc.com/gallery/en/image/preview?prefix=20232&app_id=W022-3458
2023,120,,Yebin He,何 业斌,People’s Republic of China,W029-3468,20232,https://iaplc.com/gallery/en/image/preview?prefix=20232&app_id=W029-3468
2023,122,,Ruofei Shi,施 若非,People’s Republic of China,W022-3479,20232,https://iaplc.com/gallery/en/image/preview?prefix=20232&app_id=W022-3479
2023,123,,慶龍 孔 孔慶龍,慶龍 孔 孔慶龍,"Hong Kong, China",W013-4142,20232,https://iaplc.com/gallery/en/image/preview?prefix=20232&app_id=W013-4142
2023,124,,masaharu Yamauchi,山内 賢春,Japan,J000-9057,20232,https://iaplc.com/gallery/en/image/preview?prefix=20232&app_id=J000-9057
2023,125,,Hayato Ochi,越智 隼人,Japan,J002-9471,20232,https://iaplc.com/gallery/en/image/preview?prefix=20232&app_id=J002-9471
2023,126,,Aliaksei Kirhizau,,Belarus,W021-1322,20232,https://iaplc.com/gallery/en/image/preview?prefix=20232&app_id=W021-1322
2023,127,,Niloy Sengupta NILOY SENGUPTA,,India,W008-4513,20232,https://iaplc.com/gallery/en/image/preview?prefix=20232&app_id=W008-4513
2023,128,,Takahiro Ogawa,小川 貴大,Japan,J010-1262,20232,https://iaplc.com/gallery/en/image/preview?prefix=20232&app_id=J010-1262
2023,129,,Binh Duong Chi,,Vietnam,W000-8335,20232,https://iaplc.com/gallery/en/image/preview?prefix=20232&app_id=W000-8335
2023,130,,Takashi Uda,宇田 敬,Japan,J019-7402,20232,https://iaplc.com/gallery/en/image/preview?prefix=20232&app_id=J019-7402
2023,131,,Kam Pui Kwong,鄺錦培,"Hong Kong, China",W018-5960,20232,https://iaplc.com/gallery/en/image/preview?prefix=20232&app_id=W018-5960
2023,132,,Adrian Cristian Asaftei Asaftei Adrian Cristian,,Romania,W013-6905,20232,https://iaplc.com/gallery/en/image/preview?prefix=20232&app_id=W013-6905
2023,133,,Minh Toan Nguyen,,Vietnam,W000-7713,20232,https://iaplc.com/gallery/en/image/preview?prefix=20232&app_id=W000-7713
2023,134,,Fangsheng Wang,王 方胜,People’s Republic of China,W026-3486,20232,https://iaplc.com/gallery/en/image/preview?prefix=20232&app_id=W026-3486
2023,135,,Hugo Liao,廖國宏,Chinese Taipei,W002-1040,20232,https://iaplc.com/gallery/en/image/preview?prefix=20232&app_id=W002-1040
2023,136,,Guillermo Barrientos,,Chile,W018-9004,20232,https://iaplc.com/gallery/en/image/preview?prefix=20232&app_id=W018-9004
2023,137,,ALESSANDRO GIGLIOTTI,,Italy,W026-3003,20232,https://iaplc.com/gallery/en/image/preview?prefix=20232&app_id=W026-3003
2023,138,,Alexander Maletin,,Russian Federation,W015-0852,20232,https://iaplc.com/gallery/en/image/preview?prefix=20232&app_id=W015-0852
2023,139,,Sander Olak Alves,,Brazil,W001-5762,20232,https://iaplc.com/gallery/en/image/preview?prefix=20232&app_id=W001-5762
2023,140,,Iman Razak,,Malaysia,W003-4251,20232,https://iaplc.com/gallery/en/image/preview?prefix=20232&app_id=W003-4251
2023,141,,Fan Ye,叶 帆,People’s Republic of China,W026-3490,20232,https://iaplc.com/gallery/en/image/preview?prefix=20232&app_id=W026-3490
2023,142,,Bernat Hosta Rovira,,Andorra,W016-5652,20232,https://iaplc.com/gallery/en/image/preview?prefix=20232&app_id=W016-5652
2023,143,,Hung Tran Chi,,Vietnam,W003-1151,20232,https://iaplc.com/gallery/en/image/preview?prefix=20232&app_id=W003-1151
2023,144,,Mohamad Taufiq Suparman Mohamad Taufiq,,Malaysia,W014-1821,20232,https://iaplc.com/gallery/en/image/preview?prefix=20232&app_id=W014-1821
2023,145,,Piotr Topolski,,Poland,W002-1669,20232,https://iaplc.com/gallery/en/image/preview?prefix=20232&app_id=W002-1669
2023,146,,Marco Kowal Marco Kowal,,Netherlands,W015-1392,20232,https://iaplc.com/gallery/en/image/preview?prefix=20232&app_id=W015-1392
2023,147,,KHOA NGUYEN DANG,,Vietnam,W019-3912,20232,https://iaplc.com/gallery/en/image/preview?prefix=20232&app_id=W019-3912
2023,148,,Hiroyuki Sakamoto,坂本 浩之,Japan,J015-4778,20232,https://iaplc.com/gallery/en/image/preview?prefix=20232&app_id=J015-4778
2023,149,,Cuong Le Cuong Le,,Vietnam,W014-4727,20232,https://iaplc.com/gallery/en/image/preview?prefix=20232&app_id=W014-4727
2023,150,,mokmoo moon,文木武,Republic of Korea,W002-8019,20232,https://iaplc.com/gallery/en/image/preview?prefix=20232&app_id=W002-8019
2023,151,,Son Tu Thai,,Vietnam,W010-4213,20232,https://iaplc.com/gallery/en/image/preview?prefix=20232&app_id=W010-4213
2023,152,,Andreas Stelzl,,Austria,W012-4904,20232,https://iaplc.com/gallery/en/image/preview?prefix=20232&app_id=W012-4904
2023,153,,Fernando Satonaka,里中 フェルナンド,Japan,J012-6830,20232,https://iaplc.com/gallery/en/image/preview?prefix=20232&app_id=J012-6830
2023,154,,younghun Cho,조영훈,Republic of Korea,W003-5292,20232,https://iaplc.com/gallery/en/image/preview?prefix=20232&app_id=W003-5292
2023,155,,Vladimír Tomek Vladimír Tomek,,Czech Republic,W011-8356,20232,https://iaplc.com/gallery/en/image/preview?prefix=20232&app_id=W011-8356
2023,156,,Marreira Júnior,,Brazil,W014-9844,20232,https://iaplc.com/gallery/en/image/preview?prefix=20232&app_id=W014-9844
2023,157,,Hae Won Lee,,Republic of Korea,W013-4627,20232,https://iaplc.com/gallery/en/image/preview?prefix=20232&app_id=W013-4627
2023,158,,Zichao Zhao,赵 子超,People’s Republic of China,W028-3506,20232,https://iaplc.com/gallery/en/image/preview?prefix=20232&app_id=W028-3506
2023,159,,Yuebin Duan,段 月斌,People’s Republic of China,W020-3519,20232,https://iaplc.com/gallery/en/image/preview?prefix=20232&app_id=W020-3519
2023,160,,Michal Jaskowiak,,Poland,W004-8217,20232,https://iaplc.com/gallery/en/image/preview?prefix=20232&app_id=W004-8217
2023,161,,Toshinori Yanaka,谷中 俊則,Japan,J026-1831,20232,https://iaplc.com/gallery/en/image/preview?prefix=20232&app_id=J026-1831
2023,162,,JunWoo Park,,Republic of Korea,W005-6495,20232,https://iaplc.com/gallery/en/image/preview?prefix=20232&app_id=W005-6495
2023,163,,Tanja Pechhold,,Germany,W015-2040,20232,https://iaplc.com/gallery/en/image/preview?prefix=20232&app_id=W015-2040
2023,164,,明翔 韦 韦明翔,明翔 韦 韦明翔,People’s Republic of China,W008-8955,20232,https://iaplc.com/gallery/en/image/preview?prefix=20232&app_id=W008-8955
2023,165,,qiang niu,牛强,People’s Republic of China,W000-5592,20232,https://iaplc.com/gallery/en/image/preview?prefix=20232&app_id=W000-5592
2023,166,,Takuya Maruyama,丸山 卓也,Japan,J014-3563,20232,https://iaplc.com/gallery/en/image/preview?prefix=20232&app_id=J014-3563
2023,167,,Takeshi Iwase,岩瀬 剛,Japan,J003-1468,20232,https://iaplc.com/gallery/en/image/preview?prefix=20232&app_id=J003-1468
2023,168,,Tsutomu Yamazaki,山崎 勉,Japan,J002-6416,20232,https://iaplc.com/gallery/en/image/preview?prefix=20232&app_id=J002-6416
2023,169,,Irvin Seow,萧佂翰,Malaysia,W013-2936,20232,https://iaplc.com/gallery/en/image/preview?prefix=20232&app_id=W013-2936
2023,170,,masashi yoshihara,将史,Japan,J024-2950,20232,https://iaplc.com/gallery/en/image/preview?prefix=20232&app_id=J024-2950
2023,172,,Karsten Dünne,,Germany,W029-1242,20232,https://iaplc.com/gallery/en/image/preview?prefix=20232&app_id=W029-1242
2023,173,,Luigi Carboni,,Brazil,W011-9975,20232,https://iaplc.com/gallery/en/image/preview?prefix=20232&app_id=W011-9975
2023,174,,Biagi,Marco—,Brazil,W018-9488,20232,https://iaplc.com/gallery/en/image/preview?prefix=20232&app_id=W018-9488
2023,175,,WAN MOHD NUKHAIRI WAN COB,,Malaysia,W002-8641,20232,https://iaplc.com/gallery/en/image/preview?prefix=20232&app_id=W002-8641
2023,176,,David Pérez David Pérez,,Spain,W000-0462,20232,https://iaplc.com/gallery/en/image/preview?prefix=20232&app_id=W000-0462
2023,177,,Abel Yang,杨 翰林,People’s Republic of China,W023-3525,20232,https://iaplc.com/gallery/en/image/preview?prefix=20232&app_id=W023-3525
2023,178,,Matthias Jesenko,,Austria,W019-5996,20232,https://iaplc.com/gallery/en/image/preview?prefix=20232&app_id=W019-5996
2023,179,,Will Thow,,Australia,W018-0813,20232,https://iaplc.com/gallery/en/image/preview?prefix=20232&app_id=W018-0813
2023,180,,雪芬 廖 廖雪芬,雪芬 廖 廖雪芬,People’s Republic of China,W008-9251,20232,https://iaplc.com/gallery/en/image/preview?prefix=20232&app_id=W008-9251
2023,181,,Patrik Nemeth,,Hungary,W006-0309,20232,https://iaplc.com/gallery/en/image/preview?prefix=20232&app_id=W006-0309
2023,182,,Yuka Inaba,稲葉 由華,Japan,J029-0036,20232,https://iaplc.com/gallery/en/image/preview?prefix=20232&app_id=J029-0036
2023,183,,Fernando Padilla,,Mexico,W010-5587,20232,https://iaplc.com/gallery/en/image/preview?prefix=20232&app_id=W010-5587
2023,184,,Shinji Fujieda,藤枝 信治,Japan,J014-1468,20232,https://iaplc.com/gallery/en/image/preview?prefix=20232&app_id=J014-1468
2023,185,,Ki Yeong Kim,,Republic of Korea,W007-9536,20232,https://iaplc.com/gallery/en/image/preview?prefix=20232&app_id=W007-9536
2023,186,,Rafael Valim,,Brazil,W011-2892,20232,https://iaplc.com/gallery/en/image/preview?prefix=20232&app_id=W011-2892
2023,187,,Tomoaki Ueno,上野 知明,Japan,J016-4385,20232,https://iaplc.com/gallery/en/image/preview?prefix=20232&app_id=J016-4385
2023,188,,DAEWOONG PARK DAEWOONG PARK,,Republic of Korea,W016-0299,20232,https://iaplc.com/gallery/en/image/preview?prefix=20232&app_id=W016-0299
2023,189,,Qing Shi,时 庆,People’s Republic of China,W027-3533,20232,https://iaplc.com/gallery/en/image/preview?prefix=20232&app_id=W027-3533
2023,190,,優作 青木 青木 優作,優作 青木 青木 優作,Japan,J003-7703,20232,https://iaplc.com/gallery/en/image/preview?prefix=20232&app_id=J003-7703
2023,191,,Keisuke Onodera,小野寺 啓介,Japan,J011-0345,20232,https://iaplc.com/gallery/en/image/preview?prefix=20232&app_id=J011-0345
2023,192,,Jiahui Sun,孙 家辉,People’s Republic of China,W021-3545,20232,https://iaplc.com/gallery/en/image/preview?prefix=20232&app_id=W021-3545
2023,193,,Yann Merlet,,France,W009-7500,20232,https://iaplc.com/gallery/en/image/preview?prefix=20232&app_id=W009-7500
2023,194,,Ju Zhang,张 举,People’s Republic of China,W028-3551,20232,https://iaplc.com/gallery/en/image/preview?prefix=20232&app_id=W028-3551
2023,195,,João Matias Neto JOAO MATIAS NETO,,Brazil,W002-7495,20232,https://iaplc.com/gallery/en/image/preview?prefix=20232&app_id=W002-7495
2023,196,,Sam Harlen,,Australia,W012-1439,20232,https://iaplc.com/gallery/en/image/preview?prefix=20232&app_id=W012-1439
2023,197,,Huaying Wang,王 华英,People’s Republic of China,W025-3560,20232,https://iaplc.com/gallery/en/image/preview?prefix=20232&app_id=W025-3560
2023,198,,Chenxi Wang,王晨曦,People’s Republic of China,W026-2227,20232,https://iaplc.com/gallery/en/image/preview?prefix=20232&app_id=W026-2227
2023,199,,Jheng Yu Lyu,呂政育,Chinese Taipei,W010-6586,20232,https://iaplc.com/gallery/en/image/preview?prefix=20232&app_id=W010-6586
2023,200,,Trung Phan,,Vietnam,W007-9187,20232,https://iaplc.com/gallery/en/image/preview?prefix=20232&app_id=W007-9187
2023,201,,yuxiang wu,吴宇祥,People’s Republic of China,W029-2499,20232,https://iaplc.com/gallery/en/image/preview?prefix=20232&app_id=W029-2499
2023,202,,Nicholas Condon Nick A Condon,,United States of America,W001-3205,20232,https://iaplc.com/gallery/en/image/preview?prefix=20232&app_id=W001-3205
2023,203,,Kenji Yamada,山田 健司,Japan,J001-7441,20232,https://iaplc.com/gallery/en/image/preview?prefix=20232&app_id=J001-7441
2023,204,,Made Tresna Wiguna,,Indonesia,W008-0091,20232,https://iaplc.com/gallery/en/image/preview?prefix=20232&app_id=W008-0091
2023,205,,Simone Castagnoli,,Italy,W014-9125,20232,https://iaplc.com/gallery/en/image/preview?prefix=20232&app_id=W014-9125
2023,206,,Alen Hodzic,,Croatia,W017-1417,20232,https://iaplc.com/gallery/en/image/preview?prefix=20232&app_id=W017-1417
2023,207,,Stefan Danila,,Romania,W009-7320,20232,https://iaplc.com/gallery/en/image/preview?prefix=20232&app_id=W009-7320
2023,208,,SALVATORE SCIFO,,Italy,W000-7563,20232,https://iaplc.com/gallery/en/image/preview?prefix=20232&app_id=W000-7563
2023,209,,Gaizka Lambarri,,Spain,W010-7362,20232,https://iaplc.com/gallery/en/image/preview?prefix=20232&app_id=W010-7362
2023,210,,Yu Seto,瀬戸 優,Japan,J005-9697,20232,https://iaplc.com/gallery/en/image/preview?prefix=20232&app_id=J005-9697
2023,212,,Shinjiro Shiraishi,白石 晋二郎,Japan,J018-4685,20232,https://iaplc.com/gallery/en/image/preview?prefix=20232&app_id=J018-4685
2023,213,,Chris Schoonraad,,South Africa,W013-1319,20232,https://iaplc.com/gallery/en/image/preview?prefix=20232&app_id=W013-1319
2023,214,,James William Beronia,,Philippines,W006-8092,20232,https://iaplc.com/gallery/en/image/preview?prefix=20232&app_id=W006-8092
2023,215,,Genaro Mendoza Genaro Hiram Mendoza Zavala,,Mexico,W017-9668,20232,https://iaplc.com/gallery/en/image/preview?prefix=20232&app_id=W017-9668
2023,216,,Takashi Hosoda,細田 孝志,Japan,J004-3716,20232,https://iaplc.com/gallery/en/image/preview?prefix=20232&app_id=J004-3716
2023,217,,Neil Norval Neil Norval,,South Africa,W014-7928,20232,https://iaplc.com/gallery/en/image/preview?prefix=20232&app_id=W014-7928
2023,218,,GENG SHEN,申赓,People’s Republic of China,W002-7633,20232,https://iaplc.com/gallery/en/image/preview?prefix=20232&app_id=W002-7633
2023,219,,Laurent GRAS,,France,W004-7178,20232,https://iaplc.com/gallery/en/image/preview?prefix=20232&app_id=W004-7178
2023,220,,Shinichi Hattori,服部 真一,Japan,J000-8325,20232,https://iaplc.com/gallery/en/image/preview?prefix=20232&app_id=J000-8325
2023,221,,Teo Le tiec,,France,W015-5629,20232,https://iaplc.com/gallery/en/image/preview?prefix=20232&app_id=W015-5629
2023,222,,Chuanwei Yu,余 传威,People’s Republic of China,W026-3570,20232,https://iaplc.com/gallery/en/image/preview?prefix=20232&app_id=W026-3570
2023,223,,Nhat  Phi Bach Bạch Nhật Phi,,Vietnam,W011-1095,20232,https://iaplc.com/gallery/en/image/preview?prefix=20232&app_id=W011-1095
2023,224,,Sho Tabata,田畑 翔,Japan,J014-4372,20232,https://iaplc.com/gallery/en/image/preview?prefix=20232&app_id=J014-4372
2023,225,,Jungmin Gu,구정민,Republic of Korea,W018-4806,20232,https://iaplc.com/gallery/en/image/preview?prefix=20232&app_id=W018-4806
2023,226,,Inyoman Marwita,,Indonesia,W003-4569,20232,https://iaplc.com/gallery/en/image/preview?prefix=20232&app_id=W003-4569
2023,227,,Sung Pin Chen,陳松儐,Chinese Taipei,W016-1299,20232,https://iaplc.com/gallery/en/image/preview?prefix=20232&app_id=W016-1299
2023,228,,Makoto Kondo,近藤 誠,Japan,J015-0980,20232,https://iaplc.com/gallery/en/image/preview?prefix=20232&app_id=J015-0980
2023,229,,Ryan Winnell,,Australia,W013-7155,20232,https://iaplc.com/gallery/en/image/preview?prefix=20232&app_id=W013-7155
2023,230,,Takehiro Kaneko,金子 武広,Japan,J020-0536,20232,https://iaplc.com/gallery/en/image/preview?prefix=20232&app_id=J020-0536
2023,231,,Nobuyuki Hosokawa,細川 信行,Japan,J017-9656,20232,https://iaplc.com/gallery/en/image/preview?prefix=20232&app_id=J017-9656
2023,232,,TOSHIYA TAKECHI,武智 俊也,Japan,J015-1518,20232,https://iaplc.com/gallery/en/image/preview?prefix=20232&app_id=J015-1518
2023,233,,Florian Minerop Florian Minnerop,,Austria,W016-2858,20232,https://iaplc.com/gallery/en/image/preview?prefix=20232&app_id=W016-2858
2023,234,,Asaco Wada,和田 明咲子,Japan,J010-9899,20232,https://iaplc.com/gallery/en/image/preview?prefix=20232&app_id=J010-9899
2023,235,,Hai Nguyen Van Van Hai Nguyen,,Vietnam,W017-7438,20232,https://iaplc.com/gallery/en/image/preview?prefix=20232&app_id=W017-7438
2023,236,,Sebastian Pfahl,,Germany,W017-5174,20232,https://iaplc.com/gallery/en/image/preview?prefix=20232&app_id=W017-5174
2023,237,,Wang Zhenyu,振宇王,People’s Republic of China,W027-0976,20232,https://iaplc.com/gallery/en/image/preview?prefix=20232&app_id=W027-0976
2023,238,,Luca Avagliano,,Italy,W017-7564,20232,https://iaplc.com/gallery/en/image/preview?prefix=20232&app_id=W017-7564
2023,239,,Tomás Soto Tomás Soto,,Chile,W012-8125,20232,https://iaplc.com/gallery/en/image/preview?prefix=20232&app_id=W012-8125
2023,240,,Hiroki Aoyama,青山 裕樹,Japan,J001-6188,20232,https://iaplc.com/gallery/en/image/preview?prefix=20232&app_id=J001-6188
2023,241,,Johannes Laechele Johannes Laechele,,Germany,W006-5407,20232,https://iaplc.com/gallery/en/image/preview?prefix=20232&app_id=W006-5407
2023,242,,Erik Eibensteiner Erik Eibensteiner,,Czech Republic,W017-6366,20232,https://iaplc.com/gallery/en/image/preview?prefix=20232&app_id=W017-6366
2023,243,,Xuan Zhao,赵 轩,People’s Republic of China,W020-3585,20232,https://iaplc.com/gallery/en/image/preview?prefix=20232&app_id=W020-3585
2023,244,,Hidekazu Tsukiji,築地 秀和,Japan,J004-9573,20232,https://iaplc.com/gallery/en/image/preview?prefix=20232&app_id=J004-9573
2023,245,,Naihn arredondo arciga,,Mexico,W013-0136,20232,https://iaplc.com/gallery/en/image/preview?prefix=20232&app_id=W013-0136
2023,246,,Rajoo PalSingh,,United Arab Emirates,W028-0510,20232,https://iaplc.com/gallery/en/image/preview?prefix=20232&app_id=W028-0510
2023,247,,ilhong Jeong,,Republic of Korea,W011-8733,20232,https://iaplc.com/gallery/en/image/preview?prefix=20232&app_id=W011-8733
2023,248,,Shaohe Wen,文 绍贺,People’s Republic of China,W024-3592,20232,https://iaplc.com/gallery/en/image/preview?prefix=20232&app_id=W024-3592
2023,249,,Ray Tsang,曾偉翔,"Hong Kong, China",W004-7006,20232,https://iaplc.com/gallery/en/image/preview?prefix=20232&app_id=W004-7006
2023,250,,Przemyslaw Wilk,,Poland,W001-4490,20232,https://iaplc.com/gallery/en/image/preview?prefix=20232&app_id=W001-4490
2023,251,,Genki Todoroki,轟 元気,Japan,J002-7295,20232,https://iaplc.com/gallery/en/image/preview?prefix=20232&app_id=J002-7295
2023,252,,Michael Gißler,,Germany,W019-8854,20232,https://iaplc.com/gallery/en/image/preview?prefix=20232&app_id=W019-8854
2023,253,,George Adonis,,Malaysia,W001-6632,20232,https://iaplc.com/gallery/en/image/preview?prefix=20232&app_id=W001-6632
2023,254,,Wilhelm Weber,,Germany,W000-5639,20232,https://iaplc.com/gallery/en/image/preview?prefix=20232&app_id=W000-5639
2023,255,,悦鹏 李 李悦鹏,悦鹏 李 李悦鹏,People’s Republic of China,W007-3703,20232,https://iaplc.com/gallery/en/image/preview?prefix=20232&app_id=W007-3703
2023,256,,FANG HAO WANG,王方豪,Chinese Taipei,W000-5272,20232,https://iaplc.com/gallery/en/image/preview?prefix=20232&app_id=W000-5272
2023,257,,Conrado Jr Bergundo Conrado Bergundo jr.,,Philippines,W016-3185,20232,https://iaplc.com/gallery/en/image/preview?prefix=20232&app_id=W016-3185
2023,258,,Yuanhai Ding,丁 元海,People’s Republic of China,W024-3609,20232,https://iaplc.com/gallery/en/image/preview?prefix=20232&app_id=W024-3609
2023,259,,Dale Gonzales,,Philippines,W006-9734,20232,https://iaplc.com/gallery/en/image/preview?prefix=20232&app_id=W006-9734
2023,260,,Andrey Zakhartsov Andrey Zakhartsov,,Russian Federation,W012-6600,20232,https://iaplc.com/gallery/en/image/preview?prefix=20232&app_id=W012-6600
2023,261,,Jiří Paleček Jiří Paleček,,Czech Republic,W010-3096,20232,https://iaplc.com/gallery/en/image/preview?prefix=20232&app_id=W010-3096
2023,262,,宇辉 赵 赵宇辉,宇辉 赵 赵宇辉,People’s Republic of China,W010-7620,20232,https://iaplc.com/gallery/en/image/preview?prefix=20232&app_id=W010-7620
2023,263,,Shibata Satoshi,柴田 郷,Japan,J026-0223,20232,https://iaplc.com/gallery/en/image/preview?prefix=20232&app_id=J026-0223
2023,264,,Oleg Matsevich Oleg,,Russian Federation,W005-7397,20232,https://iaplc.com/gallery/en/image/preview?prefix=20232&app_id=W005-7397
2023,265,,Masahiro Tayama,田山 勝浩,Japan,J014-0411,20232,https://iaplc.com/gallery/en/image/preview?prefix=20232&app_id=J014-0411
2023,266,,Yasuhito Fujii,藤井 康仁,Japan,J026-1933,20232,https://iaplc.com/gallery/en/image/preview?prefix=20232&app_id=J026-1933
2023,267,,THAI HO TRUONG,,Vietnam,W013-6823,20232,https://iaplc.com/gallery/en/image/preview?prefix=20232&app_id=W013-6823
2023,268,,Mikhail Neporozhnev,,Russian Federation,W013-4241,20232,https://iaplc.com/gallery/en/image/preview?prefix=20232&app_id=W013-4241
2023,269,,long tran,,Vietnam,W026-2447,20232,https://iaplc.com/gallery/en/image/preview?prefix=20232&app_id=W026-2447
2023,270,,Nobuhiko Kawashima,川島 信彦,Japan,J029-1567,20232,https://iaplc.com/gallery/en/image/preview?prefix=20232&app_id=J029-1567
2023,271,,Andreas Falch,,Austria,W003-2757,20232,https://iaplc.com/gallery/en/image/preview?prefix=20232&app_id=W003-2757
2023,272,,Quang Minh Duong,,Vietnam,W000-8178,20232,https://iaplc.com/gallery/en/image/preview?prefix=20232&app_id=W000-8178
2023,273,,健聪 梁 梁健聪,健聪 梁 梁健聪,People’s Republic of China,W006-2370,20232,https://iaplc.com/gallery/en/image/preview?prefix=20232&app_id=W006-2370
2023,274,,Daniel Basseto,,Brazil,W008-3658,20232,https://iaplc.com/gallery/en/image/preview?prefix=20232&app_id=W008-3658
2023,275,,ROBI CHEN CHEN LIK KOK,,Indonesia,W011-8070,20232,https://iaplc.com/gallery/en/image/preview?prefix=20232&app_id=W011-8070
2023,276,,Tomas Eichler,,Czech Republic,W005-9336,20232,https://iaplc.com/gallery/en/image/preview?prefix=20232&app_id=W005-9336
2023,277,,NICKSON MARPAUNG,,Indonesia,W018-2436,20232,https://iaplc.com/gallery/en/image/preview?prefix=20232&app_id=W018-2436
2023,278,,Steven Toshio Chong,張德偉,United States of America,W014-9479,20232,https://iaplc.com/gallery/en/image/preview?prefix=20232&app_id=W014-9479
2023,279,,Tom Ryan Tom Ryan,,Great Britain,W003-0407,20232,https://iaplc.com/gallery/en/image/preview?prefix=20232&app_id=W003-0407
2023,280,,Masamitsu Suemura,末村 将光,Japan,J015-3788,20232,https://iaplc.com/gallery/en/image/preview?prefix=20232&app_id=J015-3788
2023,281,,Julien Marc Ross,,Germany,W018-9079,20232,https://iaplc.com/gallery/en/image/preview?prefix=20232&app_id=W018-9079
2023,282,,Gustavo Palacio,,Spain,W013-5738,20232,https://iaplc.com/gallery/en/image/preview?prefix=20232&app_id=W013-5738
2023,283,,Seungchul Lee,李承哲,Republic of Korea,W018-3405,20232,https://iaplc.com/gallery/en/image/preview?prefix=20232&app_id=W018-3405
2023,284,,Wilson Yap,,Malaysia,W014-6372,20232,https://iaplc.com/gallery/en/image/preview?prefix=20232&app_id=W014-6372
2023,285,,Thanh Tran,,Vietnam,W017-1203,20232,https://iaplc.com/gallery/en/image/preview?prefix=20232&app_id=W017-1203
2023,286,,Adrian Nicolae Iosif,,Romania,W012-8601,20232,https://iaplc.com/gallery/en/image/preview?prefix=20232&app_id=W012-8601
2023,287,,Javier Agüero,,Argentina,W011-6024,20232,https://iaplc.com/gallery/en/image/preview?prefix=20232&app_id=W011-6024
2023,288,,Simone Sborgia,,Italy,W017-8407,20232,https://iaplc.com/gallery/en/image/preview?prefix=20232&app_id=W017-8407
2023,289,,Emilia Kaszewska,,Poland,W020-0303,20232,https://iaplc.com/gallery/en/image/preview?prefix=20232&app_id=W020-0303
2023,290,,Vinny Anderson,,United States of America,W011-4617,20232,https://iaplc.com/gallery/en/image/preview?prefix=20232&app_id=W011-4617
2023,291,,Xien Lang Thi,,Vietnam,W022-2450,20232,https://iaplc.com/gallery/en/image/preview?prefix=20232&app_id=W022-2450
2023,292,,Amr sarwat Sarwat Amr sarwat,,Egypt,W024-0588,20232,https://iaplc.com/gallery/en/image/preview?prefix=20232&app_id=W024-0588
2023,293,,Tomomasa Ohba,大庭 友正,Japan,J008-4856,20232,https://iaplc.com/gallery/en/image/preview?prefix=20232&app_id=J008-4856
2023,294,,Konrad Michalski,,Great Britain,W001-2264,20232,https://iaplc.com/gallery/en/image/preview?prefix=20232&app_id=W001-2264
2023,295,,Mark Schueck Mark Schueck,,Germany,W010-2116,20232,https://iaplc.com/gallery/en/image/preview?prefix=20232&app_id=W010-2116
2023,296,,Nirut Leelayuthsuntorn,นิรุตติ์ ลีละยุทธสุนทร,Thailand,W007-4374,20232,https://iaplc.com/gallery/en/image/preview?prefix=20232&app_id=W007-4374
2023,297,,Sufian Suhaimi,,Singapore,W017-7028,20232,https://iaplc.com/gallery/en/image/preview?prefix=20232&app_id=W017-7028
2023,298,,Hiroyuki Matsui,松井 裕幸,Japan,J018-3990,20232,https://iaplc.com/gallery/en/image/preview?prefix=20232&app_id=J018-3990
2023,299,,Junyu Li,李 俊谕,People’s Republic of China,W027-3611,20232,https://iaplc.com/gallery/en/image/preview?prefix=20232&app_id=W027-3611
2023,300,,Roberto Villalobos Sanchez,,Mexico,W011-5559,20232,https://iaplc.com/gallery/en/image/preview?prefix=20232&app_id=W011-5559
2022,1,,Matthew Israel Manes,,Philippines,W126-3850,20222,https://iaplc.com/gallery/en/image/preview?prefix=20222&app_id=W126-3850
2022,2,,范 哲敏,范 哲敏,People’s Republic of China,W128-7716,20222,https://iaplc.com/gallery/en/image/preview?prefix=20222&app_id=W128-7716
2022,3,,赵 刚,赵 刚,People’s Republic of China,W120-7700,20222,https://iaplc.com/gallery/en/image/preview?prefix=20222&app_id=W120-7700
2022,4,,富宏 观 观富宏,富宏 观 观富宏,People’s Republic of China,W129-3387,20222,https://iaplc.com/gallery/en/image/preview?prefix=20222&app_id=W129-3387
2022,5,,Trung Phan,,Vietnam,W105-9196,20222,https://iaplc.com/gallery/en/image/preview?prefix=20222&app_id=W105-9196
2022,6,,关 利伟,关 利伟,People’s Republic of China,W124-7696,20222,https://iaplc.com/gallery/en/image/preview?prefix=20222&app_id=W124-7696
2022,7,,TRỊNH HẠ LỄ,,Vietnam,W116-4687,20222,https://iaplc.com/gallery/en/image/preview?prefix=20222&app_id=W116-4687
2022,8,,叶 毅,叶 毅,People’s Republic of China,W125-7680,20222,https://iaplc.com/gallery/en/image/preview?prefix=20222&app_id=W125-7680
2022,9,,Hootan Maftoonian Maftoonian Hootan,,Islamic Republic of Iran,J111-8721,20222,https://iaplc.com/gallery/en/image/preview?prefix=20222&app_id=J111-8721
2022,11,,Eri Tokusashi,徳差 江里,Japan,J126-3125,20222,https://iaplc.com/gallery/en/image/preview?prefix=20222&app_id=J126-3125
2022,12,,Paulo Pacheco,,Brazil,W115-2361,20222,https://iaplc.com/gallery/en/image/preview?prefix=20222&app_id=W115-2361
2022,13,,Ivan Tancler,,Brazil,W117-7618,20222,https://iaplc.com/gallery/en/image/preview?prefix=20222&app_id=W117-7618
2022,14,,Van Dong Dang,,Vietnam,W116-1134,20222,https://iaplc.com/gallery/en/image/preview?prefix=20222&app_id=W116-1134
2022,15,,Tan Jason,陈俊伟,Malaysia,W112-3994,20222,https://iaplc.com/gallery/en/image/preview?prefix=20222&app_id=W112-3994
2022,16,,DAEWOONG PARK,,Republic of Korea,W114-6715,20222,https://iaplc.com/gallery/en/image/preview?prefix=20222&app_id=W114-6715
2022,17,,Marreira Júnior,,Brazil,W122-2676,20222,https://iaplc.com/gallery/en/image/preview?prefix=20222&app_id=W122-2676
2022,18,,Cliff Hui,許錦汶,"Hong Kong, China",W126-4049,20222,https://iaplc.com/gallery/en/image/preview?prefix=20222&app_id=W126-4049
2022,19,,Luis Carlos Galarraga Luis Carlos Ardid Galarraga,,Brazil,W121-6142,20222,https://iaplc.com/gallery/en/image/preview?prefix=20222&app_id=W121-6142
2022,20,,Joao Pinheiro,,Portugal,W100-2599,20222,https://iaplc.com/gallery/en/image/preview?prefix=20222&app_id=W100-2599
2022,21,,Katsuki Tanaka,タナカ カツキ,Japan,J124-2978,20222,https://iaplc.com/gallery/en/image/preview?prefix=20222&app_id=J124-2978
2022,22,,Renan Selingardi do Amaral,,Brazil,W128-0584,20222,https://iaplc.com/gallery/en/image/preview?prefix=20222&app_id=W128-0584
2022,23,,Tereza Lazar,,Ukraine,W118-5238,20222,https://iaplc.com/gallery/en/image/preview?prefix=20222&app_id=W118-5238
2022,24,,Marcelo Takeno,,Brazil,W115-1710,20222,https://iaplc.com/gallery/en/image/preview?prefix=20222&app_id=W115-1710
2022,27,,叶 帆,叶 帆,People’s Republic of China,W125-7671,20222,https://iaplc.com/gallery/en/image/preview?prefix=20222&app_id=W125-7671
2022,28,,JIN LIANG,梁劲,People’s Republic of China,W118-0309,20222,https://iaplc.com/gallery/en/image/preview?prefix=20222&app_id=W118-0309
2022,29,,一馬 タケウチ 竹内 一馬,一馬 タケウチ 竹内 一馬,Japan,J124-3749,20222,https://iaplc.com/gallery/en/image/preview?prefix=20222&app_id=J124-3749
2022,30,,Haruji Takee,武江 春治,Japan,J114-9325,20222,https://iaplc.com/gallery/en/image/preview?prefix=20222&app_id=J114-9325
2022,31,,Kin Gi Lau,劉見之,"Hong Kong, China",W124-1147,20222,https://iaplc.com/gallery/en/image/preview?prefix=20222&app_id=W124-1147
2022,32,,Nobuhiko Kawashima,川島 信彦,Japan,J127-5447,20222,https://iaplc.com/gallery/en/image/preview?prefix=20222&app_id=J127-5447
2022,33,,Mark Clifton Mark Clifton,,Australia,W103-9859,20222,https://iaplc.com/gallery/en/image/preview?prefix=20222&app_id=W103-9859
2022,34,,Tomaz Minatti,,Brazil,W103-4111,20222,https://iaplc.com/gallery/en/image/preview?prefix=20222&app_id=W103-4111
2022,35,,GENG SHEN,申赓,People’s Republic of China,W117-4783,20222,https://iaplc.com/gallery/en/image/preview?prefix=20222&app_id=W117-4783
2022,36,,Hung Tran Chi,,Vietnam,W107-1447,20222,https://iaplc.com/gallery/en/image/preview?prefix=20222&app_id=W107-1447
2022,37,,Pavol Kulanda,,Great Britain,W102-8146,20222,https://iaplc.com/gallery/en/image/preview?prefix=20222&app_id=W102-8146
2022,38,,Juan Puchades,,Spain,W118-6192,20222,https://iaplc.com/gallery/en/image/preview?prefix=20222&app_id=W118-6192
2022,39,,Xudong Zheng,郑旭东,People’s Republic of China,W104-9161,20222,https://iaplc.com/gallery/en/image/preview?prefix=20222&app_id=W104-9161
2022,40,,Minh Tran Duc,,Vietnam,W111-0321,20222,https://iaplc.com/gallery/en/image/preview?prefix=20222&app_id=W111-0321
2022,41,,Arponiam Kawin Kawin,,Thailand,W104-9794,20222,https://iaplc.com/gallery/en/image/preview?prefix=20222&app_id=W104-9794
2022,42,,Tien Ho Cao,,Vietnam,W128-3871,20222,https://iaplc.com/gallery/en/image/preview?prefix=20222&app_id=W128-3871
2022,43,,Shuang Li,李爽,People’s Republic of China,W127-1400,20222,https://iaplc.com/gallery/en/image/preview?prefix=20222&app_id=W127-1400
2022,44,,Hayato Ochi,越智 隼人,Japan,J129-4299,20222,https://iaplc.com/gallery/en/image/preview?prefix=20222&app_id=J129-4299
2022,45,,Eakthanat Isarathikul -,,Thailand,W106-9200,20222,https://iaplc.com/gallery/en/image/preview?prefix=20222&app_id=W106-9200
2022,46,,Rahul Mukherjee,,India,W108-9363,20222,https://iaplc.com/gallery/en/image/preview?prefix=20222&app_id=W108-9363
2022,47,,Hayase Kato,加藤 颯世,Japan,J118-4587,20222,https://iaplc.com/gallery/en/image/preview?prefix=20222&app_id=J118-4587
2022,48,,KianHong Sim,沈健峰,Malaysia,W104-6771,20222,https://iaplc.com/gallery/en/image/preview?prefix=20222&app_id=W104-6771
2022,49,,Aya Aoki,青木 あや,Japan,J112-4190,20222,https://iaplc.com/gallery/en/image/preview?prefix=20222&app_id=J112-4190
2022,50,,Anant Tangdumrongbun,,Thailand,W114-4794,20222,https://iaplc.com/gallery/en/image/preview?prefix=20222&app_id=W114-4794
2022,51,,Tomoaki Ueno,上野 知明,Japan,J113-6169,20222,https://iaplc.com/gallery/en/image/preview?prefix=20222&app_id=J113-6169
2022,52,,Jinsun Cho,,Republic of Korea,W120-5041,20222,https://iaplc.com/gallery/en/image/preview?prefix=20222&app_id=W120-5041
2022,53,,Nuno Matos,,Portugal,W119-5843,20222,https://iaplc.com/gallery/en/image/preview?prefix=20222&app_id=W119-5843
2022,54,,Ziyad ADAM,,Reunion,W114-0387,20222,https://iaplc.com/gallery/en/image/preview?prefix=20222&app_id=W114-0387
2022,55,,DUONG VU BINH,,Vietnam,W127-3985,20222,https://iaplc.com/gallery/en/image/preview?prefix=20222&app_id=W127-3985
2022,56,,Luis Cardoso,,Portugal,W111-2462,20222,https://iaplc.com/gallery/en/image/preview?prefix=20222&app_id=W111-2462
2022,57,,Iman Jafari,,Islamic Republic of Iran,W125-4024,20222,https://iaplc.com/gallery/en/image/preview?prefix=20222&app_id=W125-4024
2022,58,,detao zhang,张德涛,People’s Republic of China,W103-3892,20222,https://iaplc.com/gallery/en/image/preview?prefix=20222&app_id=W103-3892
2022,59,,giovanni boggia,,Italy,W108-2768,20222,https://iaplc.com/gallery/en/image/preview?prefix=20222&app_id=W108-2768
2022,61,,Kazuhiko Baba,馬場 和彦,Japan,J122-3146,20222,https://iaplc.com/gallery/en/image/preview?prefix=20222&app_id=J122-3146
2022,62,,よろこびどう 山口,よろこびどう 山口,Japan,W124-0715,20222,https://iaplc.com/gallery/en/image/preview?prefix=20222&app_id=W124-0715
2022,63,,Binh Duong Chi Binh1710,,Vietnam,W101-9215,20222,https://iaplc.com/gallery/en/image/preview?prefix=20222&app_id=W101-9215
2022,64,,MINH PHAM NGOC,,Vietnam,W116-2133,20222,https://iaplc.com/gallery/en/image/preview?prefix=20222&app_id=W116-2133
2022,65,,Son Tu Thai,,Vietnam,W112-4289,20222,https://iaplc.com/gallery/en/image/preview?prefix=20222&app_id=W112-4289
2022,66,,changho Ahn,安昌浩,Republic of Korea,W118-2783,20222,https://iaplc.com/gallery/en/image/preview?prefix=20222&app_id=W118-2783
2022,68,,Vincent Braquet,,France,W106-5644,20222,https://iaplc.com/gallery/en/image/preview?prefix=20222&app_id=W106-5644
2022,69,,Dorin Florian Romaniuc,,Great Britain,W115-5677,20222,https://iaplc.com/gallery/en/image/preview?prefix=20222&app_id=W115-5677
2022,70,,Rafael Valim,ラファエル　ヴァリン,Brazil,W115-6724,20222,https://iaplc.com/gallery/en/image/preview?prefix=20222&app_id=W115-6724
2022,71,,Irvin Seow,萧佂翰,Malaysia,W100-7399,20222,https://iaplc.com/gallery/en/image/preview?prefix=20222&app_id=W100-7399
2022,72,,Amirul Husaini Shahrom,,Malaysia,W104-7109,20222,https://iaplc.com/gallery/en/image/preview?prefix=20222&app_id=W104-7109
2022,73,,Felipe de Neri Gomez Rivas,,Spain,W109-9049,20222,https://iaplc.com/gallery/en/image/preview?prefix=20222&app_id=W109-9049
2022,74,,Kenshin Tsutsui,筒井 健心,Japan,J119-3875,20222,https://iaplc.com/gallery/en/image/preview?prefix=20222&app_id=J119-3875
2022,75,,Gaizka Lambarri,,Spain,W117-8104,20222,https://iaplc.com/gallery/en/image/preview?prefix=20222&app_id=W117-8104
2022,76,,SHIN YOSHIDA,吉田 慎,Japan,J121-4538,20222,https://iaplc.com/gallery/en/image/preview?prefix=20222&app_id=J121-4538
2022,77,,Milos Nikolic,,Serbia,W121-1969,20222,https://iaplc.com/gallery/en/image/preview?prefix=20222&app_id=W121-1969
2022,78,,Adrian Cristian Asaftei Asaftei Adrian Cristian,,Romania,W118-2233,20222,https://iaplc.com/gallery/en/image/preview?prefix=20222&app_id=W118-2233
2022,79,,Pham Duc Manh,,Vietnam,W102-4844,20222,https://iaplc.com/gallery/en/image/preview?prefix=20222&app_id=W102-4844
2022,80,,Seiya Watanabe,渡部 誠也,Japan,J101-9889,20222,https://iaplc.com/gallery/en/image/preview?prefix=20222&app_id=J101-9889
2022,81,,JING LIN,林晶,Singapore,W112-7361,20222,https://iaplc.com/gallery/en/image/preview?prefix=20222&app_id=W112-7361
2022,82,,WAN MOHD NUKHAIRI WAN COB,,Malaysia,W119-6656,20222,https://iaplc.com/gallery/en/image/preview?prefix=20222&app_id=W119-6656
2022,83,,Shuji Ota,太田 修司,Japan,J116-8485,20222,https://iaplc.com/gallery/en/image/preview?prefix=20222&app_id=J116-8485
2022,84,,Cliverton Dantas,,Brazil,W106-7552,20222,https://iaplc.com/gallery/en/image/preview?prefix=20222&app_id=W106-7552
2022,85,,Philip Taylor Philip Taylor,,United States of America,W107-6448,20222,https://iaplc.com/gallery/en/image/preview?prefix=20222&app_id=W107-6448
2022,86,,TOSHIFUMI WATANABE,渡邉 俊文,Japan,J127-0875,20222,https://iaplc.com/gallery/en/image/preview?prefix=20222&app_id=J127-0875
2022,87,,Yuta Takahagi,髙萩 雄大,Japan,J129-0893,20222,https://iaplc.com/gallery/en/image/preview?prefix=20222&app_id=J129-0893
2022,88,,Vera Basílio dos Santos,,Portugal,W127-3376,20222,https://iaplc.com/gallery/en/image/preview?prefix=20222&app_id=W127-3376
2022,89,,Timothy Chen,,Singapore,W119-6222,20222,https://iaplc.com/gallery/en/image/preview?prefix=20222&app_id=W119-6222
2022,90,,Bernat Hosta,,Andorra,W125-4213,20222,https://iaplc.com/gallery/en/image/preview?prefix=20222&app_id=W125-4213
2022,91,,Takashi Sakamoto,坂本 隆,Japan,J109-3657,20222,https://iaplc.com/gallery/en/image/preview?prefix=20222&app_id=J109-3657
2022,92,,Julien Marc Ross,,Germany,W129-2589,20222,https://iaplc.com/gallery/en/image/preview?prefix=20222&app_id=W129-2589
2022,93,,Yu Han Khong,江宇涵,Malaysia,W119-1964,20222,https://iaplc.com/gallery/en/image/preview?prefix=20222&app_id=W119-1964
2022,94,,艳梅 冯 冯艳梅,艳梅 冯 冯艳梅,People’s Republic of China,W109-7379,20222,https://iaplc.com/gallery/en/image/preview?prefix=20222&app_id=W109-7379
2022,95,,Fernando Satonaka,里中 フェルナンド,Japan,J117-1294,20222,https://iaplc.com/gallery/en/image/preview?prefix=20222&app_id=J117-1294
2022,96,,Yutaka Abe,阿部 穣,Japan,J112-8827,20222,https://iaplc.com/gallery/en/image/preview?prefix=20222&app_id=J112-8827
2022,97,,Takuya Maruyama,丸山 卓也,Japan,J126-0251,20222,https://iaplc.com/gallery/en/image/preview?prefix=20222&app_id=J126-0251
2022,98,,Isamu Suzuki,鈴木 勇,Japan,J113-0412,20222,https://iaplc.com/gallery/en/image/preview?prefix=20222&app_id=J113-0412
2022,99,,Weradet Kaewyuang,,Thailand,W104-9300,20222,https://iaplc.com/gallery/en/image/preview?prefix=20222&app_id=W104-9300
2022,100,,Tatsuya Jindo,神藤 達也,Japan,J125-0414,20222,https://iaplc.com/gallery/en/image/preview?prefix=20222&app_id=J125-0414
2022,101,,Tri Ton That Nguyen Phuoc Tri,,Vietnam,W110-4172,20222,https://iaplc.com/gallery/en/image/preview?prefix=20222&app_id=W110-4172
2022,102,,Takahiro Ogawa,小川 貴大,Japan,J117-1201,20222,https://iaplc.com/gallery/en/image/preview?prefix=20222&app_id=J117-1201
2022,103,,Alexander Straub,,Austria,W113-2496,20222,https://iaplc.com/gallery/en/image/preview?prefix=20222&app_id=W113-2496
2022,104,,Jean-Christophe GROSSET,,France,W119-3160,20222,https://iaplc.com/gallery/en/image/preview?prefix=20222&app_id=W119-3160
2022,105,,I NYOMAN MARWITA,,Indonesia,W107-5003,20222,https://iaplc.com/gallery/en/image/preview?prefix=20222&app_id=W107-5003
2022,106,,Juan Manuel Bueno SUR,,Spain,W129-5893,20222,https://iaplc.com/gallery/en/image/preview?prefix=20222&app_id=W129-5893
2022,107,,Samuel Ferreira,,Portugal,W107-2124,20222,https://iaplc.com/gallery/en/image/preview?prefix=20222&app_id=W107-2124
2022,108,,AMIRUL IRWAN ROMLE,,Malaysia,W104-9220,20222,https://iaplc.com/gallery/en/image/preview?prefix=20222&app_id=W104-9220
2022,109,,Kam Pui Kwong,鄺錦培,"Hong Kong, China",W116-4733,20222,https://iaplc.com/gallery/en/image/preview?prefix=20222&app_id=W116-4733
2022,110,,Huy Nguyen Thanh,,Vietnam,W115-8003,20222,https://iaplc.com/gallery/en/image/preview?prefix=20222&app_id=W115-8003
2022,112,,Efrain Sequera Sequera,,Spain,W125-6677,20222,https://iaplc.com/gallery/en/image/preview?prefix=20222&app_id=W125-6677
2022,113,,André Rodrigues,,Brazil,W106-8947,20222,https://iaplc.com/gallery/en/image/preview?prefix=20222&app_id=W106-8947
2022,114,,Masashi Ono,小野 昌志,Japan,J109-9479,20222,https://iaplc.com/gallery/en/image/preview?prefix=20222&app_id=J109-9479
2022,115,,Damien AGRO,,France,W117-1701,20222,https://iaplc.com/gallery/en/image/preview?prefix=20222&app_id=W117-1701
2022,116,,王 超,王 超,People’s Republic of China,W129-7733,20222,https://iaplc.com/gallery/en/image/preview?prefix=20222&app_id=W129-7733
2022,117,,Anh Nguyen Dinh,,Vietnam,W105-8656,20222,https://iaplc.com/gallery/en/image/preview?prefix=20222&app_id=W105-8656
2022,118,,Huy Nguyen Tuan,,Vietnam,W121-4743,20222,https://iaplc.com/gallery/en/image/preview?prefix=20222&app_id=W121-4743
2022,119,,Arindam Banerjee,,India,W107-3857,20222,https://iaplc.com/gallery/en/image/preview?prefix=20222&app_id=W107-3857
2022,120,,业斌 何 何业斌,业斌 何 何业斌,People’s Republic of China,W122-3089,20222,https://iaplc.com/gallery/en/image/preview?prefix=20222&app_id=W122-3089
2022,121,,Naoya Yamada,山田 直也,Japan,J127-7522,20222,https://iaplc.com/gallery/en/image/preview?prefix=20222&app_id=J127-7522
2022,122,,Amr sarwat,,Egypt,W119-0884,20222,https://iaplc.com/gallery/en/image/preview?prefix=20222&app_id=W119-0884
2022,123,,Chonlatee Jaturonrusmee chonlatee jaturonrusmee,,Thailand,W118-3881,20222,https://iaplc.com/gallery/en/image/preview?prefix=20222&app_id=W118-3881
2022,124,,Roman Maly Roman Maly,,Czech Republic,W110-9426,20222,https://iaplc.com/gallery/en/image/preview?prefix=20222&app_id=W110-9426
2022,125,,Albert Escrihuela Cáceres Albert Escrihuela Cáceres,,Spain,W123-1037,20222,https://iaplc.com/gallery/en/image/preview?prefix=20222&app_id=W123-1037
2022,126,,Virgilio Cortes Jr.,,Philippines,W122-2861,20222,https://iaplc.com/gallery/en/image/preview?prefix=20222&app_id=W122-2861
2022,127,,Alessandro Gigliotti,,Italy,W122-6950,20222,https://iaplc.com/gallery/en/image/preview?prefix=20222&app_id=W122-6950
2022,128,,Sing Siang Loi,雷馨翔,Malaysia,W101-7332,20222,https://iaplc.com/gallery/en/image/preview?prefix=20222&app_id=W101-7332
2022,129,,ilhong Jeong,丁一弘,Republic of Korea,W125-2161,20222,https://iaplc.com/gallery/en/image/preview?prefix=20222&app_id=W125-2161
2022,130,,Yohei Fujimoto,藤本 洋平,Japan,J113-9629,20222,https://iaplc.com/gallery/en/image/preview?prefix=20222&app_id=J113-9629
2022,131,,Nawakhun Saechiang,蒋天旺,Thailand,W102-6752,20222,https://iaplc.com/gallery/en/image/preview?prefix=20222&app_id=W102-6752
2022,132,,Benjamin Stofferus,,Belgium,W115-1652,20222,https://iaplc.com/gallery/en/image/preview?prefix=20222&app_id=W115-1652
2022,133,,Kentaro Kitaguchi,北口 兼太郎,Japan,J108-3966,20222,https://iaplc.com/gallery/en/image/preview?prefix=20222&app_id=J108-3966
2022,134,,Harsha Nimantha Harsha Nimantha,,Sri Lanka,W105-9412,20222,https://iaplc.com/gallery/en/image/preview?prefix=20222&app_id=W105-9412
2022,135,,Daiki Suzuki,鈴木 大樹,Japan,J118-4643,20222,https://iaplc.com/gallery/en/image/preview?prefix=20222&app_id=J118-4643
2022,136,,JELANTOI LANTOI,,Malaysia,W112-6877,20222,https://iaplc.com/gallery/en/image/preview?prefix=20222&app_id=W112-6877
2022,137,,Yucheng Pan,盘育成,People’s Republic of China,W113-1441,20222,https://iaplc.com/gallery/en/image/preview?prefix=20222&app_id=W113-1441
2022,138,,Stefan Graf,,Austria,W101-8860,20222,https://iaplc.com/gallery/en/image/preview?prefix=20222&app_id=W101-8860
2022,139,,Jose A. García,,Spain,W105-4934,20222,https://iaplc.com/gallery/en/image/preview?prefix=20222&app_id=W105-4934
2022,140,,yoon taegi,윤태기,Republic of Korea,W119-6951,20222,https://iaplc.com/gallery/en/image/preview?prefix=20222&app_id=W119-6951
2022,141,,michiyo naoi,直井 美智代,Japan,J117-8855,20222,https://iaplc.com/gallery/en/image/preview?prefix=20222&app_id=J117-8855
2022,142,,Sho Tabata,田畑 翔,Japan,J129-0295,20222,https://iaplc.com/gallery/en/image/preview?prefix=20222&app_id=J129-0295
2022,143,,Dong Jin Shin,,Republic of Korea,W117-2681,20222,https://iaplc.com/gallery/en/image/preview?prefix=20222&app_id=W117-2681
2022,144,,Jose Sánchez Jose Sánchez,,Spain,W122-7115,20222,https://iaplc.com/gallery/en/image/preview?prefix=20222&app_id=W122-7115
2022,145,,Naoki Tomioka,冨岡 直樹,Japan,J115-0927,20222,https://iaplc.com/gallery/en/image/preview?prefix=20222&app_id=J115-0927
2022,146,,Steven Chong,張徳偉,United States of America,W118-8799,20222,https://iaplc.com/gallery/en/image/preview?prefix=20222&app_id=W118-8799
2022,147,,Nasrul Karim,,Indonesia,W112-8041,20222,https://iaplc.com/gallery/en/image/preview?prefix=20222&app_id=W112-8041
2022,148,,Raúl Gargallo Raúl Gargallo Marí,,Spain,W122-6836,20222,https://iaplc.com/gallery/en/image/preview?prefix=20222&app_id=W122-6836
2022,149,,chin yu,,Malaysia,W105-6125,20222,https://iaplc.com/gallery/en/image/preview?prefix=20222&app_id=W105-6125
2022,150,,Martial Hervy,,France,W113-7158,20222,https://iaplc.com/gallery/en/image/preview?prefix=20222&app_id=W113-7158
2022,152,,Yuki Nakata,仲田 勇樹,Japan,J106-1889,20222,https://iaplc.com/gallery/en/image/preview?prefix=20222&app_id=J106-1889
2022,153,,Katsuyuki Onishi,大西 克幸,Japan,J112-4260,20222,https://iaplc.com/gallery/en/image/preview?prefix=20222&app_id=J112-4260
2022,154,,JunHyeok Jeong,,Republic of Korea,W114-1583,20222,https://iaplc.com/gallery/en/image/preview?prefix=20222&app_id=W114-1583
2022,155,,Wen Jing Chen Chen,陳文景,Chinese Taipei,W111-2700,20222,https://iaplc.com/gallery/en/image/preview?prefix=20222&app_id=W111-2700
2022,156,,Piotr Topolski Piotr Topolski,,Poland,W101-1500,20222,https://iaplc.com/gallery/en/image/preview?prefix=20222&app_id=W101-1500
2022,157,,Jesús Olier,,Spain,W108-5165,20222,https://iaplc.com/gallery/en/image/preview?prefix=20222&app_id=W108-5165
2022,158,,Łukasz Ciszkowski,,Poland,W113-5614,20222,https://iaplc.com/gallery/en/image/preview?prefix=20222&app_id=W113-5614
2022,159,,WAGNER VIEIRA Wagner Vieira,,Brazil,W101-6425,20222,https://iaplc.com/gallery/en/image/preview?prefix=20222&app_id=W101-6425
2022,160,,Christof Beil,,Austria,W100-7402,20222,https://iaplc.com/gallery/en/image/preview?prefix=20222&app_id=W100-7402
2022,161,,杨 雨帆,杨 雨帆,People’s Republic of China,W125-7758,20222,https://iaplc.com/gallery/en/image/preview?prefix=20222&app_id=W125-7758
2022,162,,Yoshimasa Tohnai,唐内 美昌,Japan,J110-6320,20222,https://iaplc.com/gallery/en/image/preview?prefix=20222&app_id=J110-6320
2022,163,,Junichi Itakura,板倉 淳一,Japan,J107-6278,20222,https://iaplc.com/gallery/en/image/preview?prefix=20222&app_id=J107-6278
2022,164,,DouMing Mok,,Canada,W114-9340,20222,https://iaplc.com/gallery/en/image/preview?prefix=20222&app_id=W114-9340
2022,165,,JOSHUA SANJAN,,Malaysia,W112-6480,20222,https://iaplc.com/gallery/en/image/preview?prefix=20222&app_id=W112-6480
2022,166,,Carlos Souza,,Brazil,W126-3018,20222,https://iaplc.com/gallery/en/image/preview?prefix=20222&app_id=W126-3018
2022,167,,Hitoshi Naruse,成瀬 仁,Japan,J114-6471,20222,https://iaplc.com/gallery/en/image/preview?prefix=20222&app_id=J114-6471
2022,168,,jullawong Prapantha,,Thailand,W124-6423,20222,https://iaplc.com/gallery/en/image/preview?prefix=20222&app_id=W124-6423
2022,169,,Insik Chung,,Republic of Korea,W115-6306,20222,https://iaplc.com/gallery/en/image/preview?prefix=20222&app_id=W115-6306
2022,170,,Marco Kowal,,Netherlands,W119-3294,20222,https://iaplc.com/gallery/en/image/preview?prefix=20222&app_id=W119-3294
2022,171,,nguyễn linh,,Vietnam,W114-4322,20222,https://iaplc.com/gallery/en/image/preview?prefix=20222&app_id=W114-4322
2022,172,,Laurent Garcia,,France,W117-8474,20222,https://iaplc.com/gallery/en/image/preview?prefix=20222&app_id=W117-8474
2022,173,,seungchul lee,李承哲,Republic of Korea,W122-1247,20222,https://iaplc.com/gallery/en/image/preview?prefix=20222&app_id=W122-1247
2022,174,,Takamori Ishihara,石原 尚守,Japan,J118-1918,20222,https://iaplc.com/gallery/en/image/preview?prefix=20222&app_id=J118-1918
2022,175,,Shigeru Takiani,滝谷 滋,Japan,J127-4677,20222,https://iaplc.com/gallery/en/image/preview?prefix=20222&app_id=J127-4677
2022,176,,Pedro Cury,,Brazil,W111-5980,20222,https://iaplc.com/gallery/en/image/preview?prefix=20222&app_id=W111-5980
2022,177,,NICKY ZAINI,,Malaysia,W112-5789,20222,https://iaplc.com/gallery/en/image/preview?prefix=20222&app_id=W112-5789
2022,178,,Nobphacha Yimyou,,Thailand,W118-5509,20222,https://iaplc.com/gallery/en/image/preview?prefix=20222&app_id=W118-5509
2022,179,,Angelo Roberto Colombo,,Italy,W119-0812,20222,https://iaplc.com/gallery/en/image/preview?prefix=20222&app_id=W119-0812
2022,180,,DO THANH LICH,,Vietnam,W118-2793,20222,https://iaplc.com/gallery/en/image/preview?prefix=20222&app_id=W118-2793
2022,181,,Hiten Goolab Hiten Goolab,,South Africa,W115-9481,20222,https://iaplc.com/gallery/en/image/preview?prefix=20222&app_id=W115-9481
2022,182,,Justin Marx,,United States of America,W118-0842,20222,https://iaplc.com/gallery/en/image/preview?prefix=20222&app_id=W118-0842
2022,183,,Sandra Viegas,,Portugal,W121-6627,20222,https://iaplc.com/gallery/en/image/preview?prefix=20222&app_id=W121-6627
2022,184,,程 力宏,程 力宏,People’s Republic of China,W123-7763,20222,https://iaplc.com/gallery/en/image/preview?prefix=20222&app_id=W123-7763
2022,185,,Marcin Zając Marcin,,Poland,W113-8305,20222,https://iaplc.com/gallery/en/image/preview?prefix=20222&app_id=W113-8305
2022,186,,Luis Alejandro Garzón Ospina,,Colombia,W116-4566,20222,https://iaplc.com/gallery/en/image/preview?prefix=20222&app_id=W116-4566
2022,187,,时 庆,时 庆,People’s Republic of China,W127-7772,20222,https://iaplc.com/gallery/en/image/preview?prefix=20222&app_id=W127-7772
2022,188,,Kai Wai Chen,陳佳懷,"Hong Kong, China",W116-5022,20222,https://iaplc.com/gallery/en/image/preview?prefix=20222&app_id=W116-5022
2022,189,,Javier Agüero,,Argentina,W111-8520,20222,https://iaplc.com/gallery/en/image/preview?prefix=20222&app_id=W111-8520
2022,190,,Konrad Szumilas,,Poland,W124-0208,20222,https://iaplc.com/gallery/en/image/preview?prefix=20222&app_id=W124-0208
2022,191,,Gary Sze,,Singapore,W127-4322,20222,https://iaplc.com/gallery/en/image/preview?prefix=20222&app_id=W127-4322
2022,192,,Dale Gonzales,,Philippines,W100-2675,20222,https://iaplc.com/gallery/en/image/preview?prefix=20222&app_id=W100-2675
2022,193,,Ryusho Aibara,相原 龍翔,Japan,J129-5139,20222,https://iaplc.com/gallery/en/image/preview?prefix=20222&app_id=J129-5139
2022,194,,AZIZAN BORHAN,,Malaysia,W109-9395,20222,https://iaplc.com/gallery/en/image/preview?prefix=20222&app_id=W109-9395
2022,195,,Serhiy Shurba Shurba Serhiy,,Japan,J128-0750,20222,https://iaplc.com/gallery/en/image/preview?prefix=20222&app_id=J128-0750
2022,196,,孟 庆辉,孟 庆辉,People’s Republic of China,W127-7787,20222,https://iaplc.com/gallery/en/image/preview?prefix=20222&app_id=W127-7787
2022,198,,MANGTA MANUKAYA,,Indonesia,W102-6796,20222,https://iaplc.com/gallery/en/image/preview?prefix=20222&app_id=W102-6796
2022,199,,Naihn arredondo arciga,,Mexico,W118-4754,20222,https://iaplc.com/gallery/en/image/preview?prefix=20222&app_id=W118-4754
2022,200,,Alex Franqui Alex Franqui,,United States of America,W102-6566,20222,https://iaplc.com/gallery/en/image/preview?prefix=20222&app_id=W102-6566
2022,201,,Zubair Ebrahim,,South Africa,W115-0143,20222,https://iaplc.com/gallery/en/image/preview?prefix=20222&app_id=W115-0143
2022,202,,Yoshihiro Shiga,志賀 美洋,Japan,J121-5082,20222,https://iaplc.com/gallery/en/image/preview?prefix=20222&app_id=J121-5082
2022,203,,Pairat Pinwong Pairat pinwong,,Thailand,W119-6406,20222,https://iaplc.com/gallery/en/image/preview?prefix=20222&app_id=W119-6406
2022,204,,Dimas Setiawan,,Indonesia,W113-4142,20222,https://iaplc.com/gallery/en/image/preview?prefix=20222&app_id=W113-4142
2022,205,,LAURENCE ALFUERTO ALFUERTO LAURENCE,,Japan,J117-2627,20222,https://iaplc.com/gallery/en/image/preview?prefix=20222&app_id=J117-2627
2022,206,,Kazuya Watanabe,渡邉 和也,Japan,J123-0775,20222,https://iaplc.com/gallery/en/image/preview?prefix=20222&app_id=J123-0775
2022,207,,DUY HOANG CONG,,Vietnam,W112-6766,20222,https://iaplc.com/gallery/en/image/preview?prefix=20222&app_id=W112-6766
2022,208,,Yusaku Aoki,青木 優作,Japan,J112-6187,20222,https://iaplc.com/gallery/en/image/preview?prefix=20222&app_id=J112-6187
2022,209,,Rafael Smet,,Czech Republic,W115-9990,20222,https://iaplc.com/gallery/en/image/preview?prefix=20222&app_id=W115-9990
2022,210,,Paco Mir,,Spain,W107-5530,20222,https://iaplc.com/gallery/en/image/preview?prefix=20222&app_id=W107-5530
2022,211,,DANG DUY KHANH,,Vietnam,W114-1551,20222,https://iaplc.com/gallery/en/image/preview?prefix=20222&app_id=W114-1551
2022,212,,SANSAN ZO SANSAN ZO,,Indonesia,W117-7238,20222,https://iaplc.com/gallery/en/image/preview?prefix=20222&app_id=W117-7238
2022,213,,KEVIN YONG,,Malaysia,W104-5239,20222,https://iaplc.com/gallery/en/image/preview?prefix=20222&app_id=W104-5239
2022,214,,范 博文,范 博文,People’s Republic of China,W120-7791,20222,https://iaplc.com/gallery/en/image/preview?prefix=20222&app_id=W120-7791
2022,215,,kunio arasuna,荒砂 邦夫,Japan,J119-2374,20222,https://iaplc.com/gallery/en/image/preview?prefix=20222&app_id=J119-2374
2022,216,,孙 家辉,孙 家辉,People’s Republic of China,W126-7809,20222,https://iaplc.com/gallery/en/image/preview?prefix=20222&app_id=W126-7809
2022,217,,kim youk oh,,Republic of Korea,W115-6179,20222,https://iaplc.com/gallery/en/image/preview?prefix=20222&app_id=W115-6179
2022,218,,Richard San Miguel Richard San miguel,,Philippines,W129-0361,20222,https://iaplc.com/gallery/en/image/preview?prefix=20222&app_id=W129-0361
2022,219,,Jisoo Lyuh,呂知樹,Republic of Korea,W123-1252,20222,https://iaplc.com/gallery/en/image/preview?prefix=20222&app_id=W123-1252
2022,220,,Matthias Jesenko,,Austria,W129-6280,20222,https://iaplc.com/gallery/en/image/preview?prefix=20222&app_id=W129-6280
2022,221,,Cedric Falk,,Germany,W112-8291,20222,https://iaplc.com/gallery/en/image/preview?prefix=20222&app_id=W112-8291
2022,222,,Gustavo Palacio,,Spain,W126-1542,20222,https://iaplc.com/gallery/en/image/preview?prefix=20222&app_id=W126-1542
2022,223,,Denis Perekotiy,Денис Перекотий,Russian Federation,W123-6761,20222,https://iaplc.com/gallery/en/image/preview?prefix=20222&app_id=W123-6761
2022,224,,Firdaus Affendi Firdaus Affendi,,Malaysia,W119-5937,20222,https://iaplc.com/gallery/en/image/preview?prefix=20222&app_id=W119-5937
2022,225,,Mizuki Yasuda,保田 瑞基,Japan,J113-2808,20222,https://iaplc.com/gallery/en/image/preview?prefix=20222&app_id=J113-2808
2022,226,,Nguyen Thuan Nguyễn Đức Thuận,,Vietnam,W128-4830,20222,https://iaplc.com/gallery/en/image/preview?prefix=20222&app_id=W128-4830
2022,227,,Borja Orozco,,Spain,W126-2503,20222,https://iaplc.com/gallery/en/image/preview?prefix=20222&app_id=W126-2503
2022,228,,jihang liang,梁继航,People’s Republic of China,W124-3366,20222,https://iaplc.com/gallery/en/image/preview?prefix=20222&app_id=W124-3366
2022,229,,Hiroki Hayashi,林 寛貴,Japan,J112-6084,20222,https://iaplc.com/gallery/en/image/preview?prefix=20222&app_id=J112-6084
2022,230,,洪 光霖,洪 光霖,People’s Republic of China,W125-7814,20222,https://iaplc.com/gallery/en/image/preview?prefix=20222&app_id=W125-7814
2022,232,,NICKSON MARPAUNG,,Indonesia,W104-2680,20222,https://iaplc.com/gallery/en/image/preview?prefix=20222&app_id=W104-2680
2022,233,,Fabio Lorusso,,Italy,W121-6303,20222,https://iaplc.com/gallery/en/image/preview?prefix=20222&app_id=W121-6303
2022,234,,Robertus Hartono,,Singapore,W114-2584,20222,https://iaplc.com/gallery/en/image/preview?prefix=20222&app_id=W114-2584
2022,235,,Gerhard Rabenseifner,,Austria,W111-2756,20222,https://iaplc.com/gallery/en/image/preview?prefix=20222&app_id=W111-2756
2022,236,,Long Tran,,Vietnam,W123-4857,20222,https://iaplc.com/gallery/en/image/preview?prefix=20222&app_id=W123-4857
2022,238,,Hiroki Akahori,アカホリ ヒロキ,Japan,J119-1544,20222,https://iaplc.com/gallery/en/image/preview?prefix=20222&app_id=J119-1544
2022,239,,孙 鑫,孙 鑫,People’s Republic of China,W128-7832,20222,https://iaplc.com/gallery/en/image/preview?prefix=20222&app_id=W128-7832
2022,240,,鋆浩 吳 吳鋆浩,鋆浩 吳 吳鋆浩,Chinese Taipei,W103-4256,20222,https://iaplc.com/gallery/en/image/preview?prefix=20222&app_id=W103-4256
2022,241,,Viktor Láng Láng Viktor,,Hungary,W103-2659,20222,https://iaplc.com/gallery/en/image/preview?prefix=20222&app_id=W103-2659
2022,242,,yujith isura,,Sri Lanka,W123-4358,20222,https://iaplc.com/gallery/en/image/preview?prefix=20222&app_id=W123-4358
2022,243,,Kazuyoshi Kawata,川田 和由,Japan,J111-1986,20222,https://iaplc.com/gallery/en/image/preview?prefix=20222&app_id=J111-1986
2022,244,,Ittipong Deewan,,Thailand,W116-5492,20222,https://iaplc.com/gallery/en/image/preview?prefix=20222&app_id=W116-5492
2022,245,,SeungJin Choi,崔升鎭,Republic of Korea,W116-3016,20222,https://iaplc.com/gallery/en/image/preview?prefix=20222&app_id=W116-3016
2022,247,,Mika Baba,馬塲 美香,Japan,J117-6784,20222,https://iaplc.com/gallery/en/image/preview?prefix=20222&app_id=J117-6784
2022,248,,Martin Pagac,,Czech Republic,W124-0230,20222,https://iaplc.com/gallery/en/image/preview?prefix=20222&app_id=W124-0230
2022,249,,Hidekazu Tsukiji,築 地秀和,Japan,J118-2031,20222,https://iaplc.com/gallery/en/image/preview?prefix=20222&app_id=J118-2031
2022,250,,ZHAO HUA NG,黄昭铧,Malaysia,W128-1312,20222,https://iaplc.com/gallery/en/image/preview?prefix=20222&app_id=W128-1312
2022,251,,Angel García Miguel,,Spain,W125-7610,20222,https://iaplc.com/gallery/en/image/preview?prefix=20222&app_id=W125-7610
2022,252,,Wei Kang Chor Chor Wei Kang,,Malaysia,W117-6076,20222,https://iaplc.com/gallery/en/image/preview?prefix=20222&app_id=W117-6076
2022,253,,Harunobu Aida,会田 春宣,Japan,J120-1608,20222,https://iaplc.com/gallery/en/image/preview?prefix=20222&app_id=J120-1608
2022,254,,Arturo Alejandro Ramirez Murillo Arturo Ramírez,,Mexico,W113-6449,20222,https://iaplc.com/gallery/en/image/preview?prefix=20222&app_id=W113-6449
2022,255,,Hai ON Hai ON,,France,W109-2563,20222,https://iaplc.com/gallery/en/image/preview?prefix=20222&app_id=W109-2563
2022,256,,Narongrit Dantragoon,,Thailand,W101-2630,20222,https://iaplc.com/gallery/en/image/preview?prefix=20222&app_id=W101-2630
2022,257,,Richard Enriquez,,United Arab Emirates,W104-9605,20222,https://iaplc.com/gallery/en/image/preview?prefix=20222&app_id=W104-9605
2022,258,,Rennier Recio Katigbak,,Philippines,W113-1062,20222,https://iaplc.com/gallery/en/image/preview?prefix=20222&app_id=W113-1062
2022,259,,丁 元海,丁 元海,People’s Republic of China,W129-7844,20222,https://iaplc.com/gallery/en/image/preview?prefix=20222&app_id=W129-7844
2022,260,,Marcelo Ebrahim,,Brazil,W105-7968,20222,https://iaplc.com/gallery/en/image/preview?prefix=20222&app_id=W105-7968
2022,261,,Mario Vigini,,Switzerland,W106-1533,20222,https://iaplc.com/gallery/en/image/preview?prefix=20222&app_id=W106-1533
2022,262,,Rajeev Arunachalam,,Malaysia,W114-7767,20222,https://iaplc.com/gallery/en/image/preview?prefix=20222&app_id=W114-7767
2022,263,,Syed Ramiz Ahmed,,India,W103-0985,20222,https://iaplc.com/gallery/en/image/preview?prefix=20222&app_id=W103-0985
2022,264,,Naoya Horiguchi,堀口 直哉,Japan,J124-6198,20222,https://iaplc.com/gallery/en/image/preview?prefix=20222&app_id=J124-6198
2022,265,,Bruno Carvalho Bruno Carvalho,,Portugal,W122-2490,20222,https://iaplc.com/gallery/en/image/preview?prefix=20222&app_id=W122-2490
2022,266,,Cam Linh Lai,,Singapore,W127-0902,20222,https://iaplc.com/gallery/en/image/preview?prefix=20222&app_id=W127-0902
2022,267,,赵 轩,赵 轩,People’s Republic of China,W121-7852,20222,https://iaplc.com/gallery/en/image/preview?prefix=20222&app_id=W121-7852
2022,268,,Toshiaki Kawamura,川村 敏明,Japan,J119-7787,20222,https://iaplc.com/gallery/en/image/preview?prefix=20222&app_id=J119-7787
2022,269,,Tatsuya Uchide,内出 達矢,Japan,J121-5216,20222,https://iaplc.com/gallery/en/image/preview?prefix=20222&app_id=J121-5216
2022,270,,Ali Rezaee,,Canada,W126-4947,20222,https://iaplc.com/gallery/en/image/preview?prefix=20222&app_id=W126-4947
2022,271,,Sven Müller,,Germany,W126-4751,20222,https://iaplc.com/gallery/en/image/preview?prefix=20222&app_id=W126-4751
2022,272,,Thanh Tran,,Vietnam,W101-7120,20222,https://iaplc.com/gallery/en/image/preview?prefix=20222&app_id=W101-7120
2022,273,,LE MINH CUONG,,Vietnam,W112-1248,20222,https://iaplc.com/gallery/en/image/preview?prefix=20222&app_id=W112-1248
2022,274,,Koji Kogure,小暮 浩司,Japan,J113-8772,20222,https://iaplc.com/gallery/en/image/preview?prefix=20222&app_id=J113-8772
2022,275,,Radek Nejdl Radek Nejdl,,Czech Republic,W100-9971,20222,https://iaplc.com/gallery/en/image/preview?prefix=20222&app_id=W100-9971
2022,277,,Nemekhbayar Enkhbat Bartholomew Audlington,,Mongolia,W117-3583,20222,https://iaplc.com/gallery/en/image/preview?prefix=20222&app_id=W117-3583
2022,278,,Leo Leung,梁仲衡,"Hong Kong, China",W128-1507,20222,https://iaplc.com/gallery/en/image/preview?prefix=20222&app_id=W128-1507
2022,279,,masahiro tayama,田山 勝浩,Japan,J108-0997,20222,https://iaplc.com/gallery/en/image/preview?prefix=20222&app_id=J108-0997
2022,280,,丁 玉瑛,丁 玉瑛,People’s Republic of China,W123-7861,20222,https://iaplc.com/gallery/en/image/preview?prefix=20222&app_id=W123-7861
2022,281,,Hiroki Takaishi,高石 浩貴,Japan,J117-4745,20222,https://iaplc.com/gallery/en/image/preview?prefix=20222&app_id=J117-4745
2022,282,,Thiago Goncalves de Oliveira,,Brazil,W119-3084,20222,https://iaplc.com/gallery/en/image/preview?prefix=20222&app_id=W119-3084
2022,283,,JUNGMIN GU,구정민,Republic of Korea,W121-6503,20222,https://iaplc.com/gallery/en/image/preview?prefix=20222&app_id=W121-6503
2022,284,,Takashi Hosoda,細田 孝志,Japan,J119-0221,20222,https://iaplc.com/gallery/en/image/preview?prefix=20222&app_id=J119-0221
2022,285,,Piero Ballarini Piero Ballarini,,Italy,W127-5962,20222,https://iaplc.com/gallery/en/image/preview?prefix=20222&app_id=W127-5962
2022,286,,AQUA HOME,,Vietnam,W126-5339,20222,https://iaplc.com/gallery/en/image/preview?prefix=20222&app_id=W126-5339
2022,287,,CHEE HWAN AN,,Republic of Korea,W119-7867,20222,https://iaplc.com/gallery/en/image/preview?prefix=20222&app_id=W119-7867
2022,288,,Terence Tan,,Singapore,W103-0630,20222,https://iaplc.com/gallery/en/image/preview?prefix=20222&app_id=W103-0630
2022,289,,Conrado Bergundo,,Philippines,W109-8426,20222,https://iaplc.com/gallery/en/image/preview?prefix=20222&app_id=W109-8426
2022,290,,Yasuhiro Ito,伊藤 寧洋,Japan,J115-3807,20222,https://iaplc.com/gallery/en/image/preview?prefix=20222&app_id=J115-3807
2022,291,,willem van den Brom,,Netherlands,W129-2170,20222,https://iaplc.com/gallery/en/image/preview?prefix=20222&app_id=W129-2170
2022,292,,Yoyo Prayogi,,Indonesia,W118-2217,20222,https://iaplc.com/gallery/en/image/preview?prefix=20222&app_id=W118-2217
2022,294,,Valeriy Nemashkalo,,Ukraine,W103-7890,20222,https://iaplc.com/gallery/en/image/preview?prefix=20222&app_id=W103-7890
2022,295,,陈 云燕,陈 云燕,People’s Republic of China,W129-7871,20222,https://iaplc.com/gallery/en/image/preview?prefix=20222&app_id=W129-7871
2022,296,,Claudio Sartor,,Italy,W112-5540,20222,https://iaplc.com/gallery/en/image/preview?prefix=20222&app_id=W112-5540
2022,297,,Rey Rodrigo Sanchez,,Qatar,W109-6393,20222,https://iaplc.com/gallery/en/image/preview?prefix=20222&app_id=W109-6393
2022,298,,Stjepan Erdeljic,,Croatia,W110-5635,20222,https://iaplc.com/gallery/en/image/preview?prefix=20222&app_id=W110-5635
2022,299,,younghun Cho,조영훈,Republic of Korea,W119-6528,20222,https://iaplc.com/gallery/en/image/preview?prefix=20222&app_id=W119-6528
2022,300,,Erwin Arif,,Indonesia,W115-3557,20222,https://iaplc.com/gallery/en/image/preview?prefix=20222&app_id=W115-3557
2021,1,,YOYO PRAYOGI,,Indonesia,W019-8354,20212,https://iaplc.com/gallery/en/image/preview?prefix=20212&app_id=W019-8354
2021,2,,Minh Toan Nguyen,,Vietnam,W028-4409,20212,https://iaplc.com/gallery/en/image/preview?prefix=20212&app_id=W028-4409
2021,3,,CHAN HEE BOON,文建喜,Malaysia,W006-9646,20212,https://iaplc.com/gallery/en/image/preview?prefix=20212&app_id=W006-9646
2021,4,,Eakthanat Isarathikul,,Thailand,W012-0207,20212,https://iaplc.com/gallery/en/image/preview?prefix=20212&app_id=W012-0207
2021,5,,Matthew Israel Manes,,Philippines,W017-8723,20212,https://iaplc.com/gallery/en/image/preview?prefix=20212&app_id=W017-8723
2021,6,,Josh Sim,,Malaysia,W002-8091,20212,https://iaplc.com/gallery/en/image/preview?prefix=20212&app_id=W002-8091
2021,7,,Juan Puchades,,Spain,W004-1579,20212,https://iaplc.com/gallery/en/image/preview?prefix=20212&app_id=W004-1579
2021,8,,Efrain Sequera,,Spain,W022-9483,20212,https://iaplc.com/gallery/en/image/preview?prefix=20212&app_id=W022-9483
2021,9,,Thiago Goncalves de Oliveira,,Brazil,W021-0324,20212,https://iaplc.com/gallery/en/image/preview?prefix=20212&app_id=W021-0324
2021,10,,Javier Lecuna Javier Lecuna,,Mexico,W005-8261,20212,https://iaplc.com/gallery/en/image/preview?prefix=20212&app_id=W005-8261
2021,11,,Vy Do Lam,,Vietnam,W017-8131,20212,https://iaplc.com/gallery/en/image/preview?prefix=20212&app_id=W017-8131
2021,12,,杨 雨帆,杨 雨帆,People’s Republic of China,W031-4734,20212,https://iaplc.com/gallery/en/image/preview?prefix=20212&app_id=W031-4734
2021,13,,Jaesun Cho,,Republic of Korea,W023-7279,20212,https://iaplc.com/gallery/en/image/preview?prefix=20212&app_id=W023-7279
2021,14,,Miguel Ángel Miguel Ángel,,Spain,W030-2291,20212,https://iaplc.com/gallery/en/image/preview?prefix=20212&app_id=W030-2291
2021,15,,Jesús Olier Pérez,,Spain,W007-7453,20212,https://iaplc.com/gallery/en/image/preview?prefix=20212&app_id=W007-7453
2021,16,,Grégoire Wolinski,,France,W024-5504,20212,https://iaplc.com/gallery/en/image/preview?prefix=20212&app_id=W024-5504
2021,17,,katsuki tanaka,タナカ カツキ,Japan,J029-3526,20212,https://iaplc.com/gallery/en/image/preview?prefix=20212&app_id=J029-3526
2021,18,,Agussalim Jamaluddin,,Indonesia,W002-9793,20212,https://iaplc.com/gallery/en/image/preview?prefix=20212&app_id=W002-9793
2021,19,,insik Chung,,Republic of Korea,W029-7023,20212,https://iaplc.com/gallery/en/image/preview?prefix=20212&app_id=W029-7023
2021,20,,江里 徳差 徳差 江里,江里 徳差 徳差 江里,Japan,J023-9903,20212,https://iaplc.com/gallery/en/image/preview?prefix=20212&app_id=J023-9903
2021,21,,杨 艺晨,杨 艺晨,People’s Republic of China,W035-4743,20212,https://iaplc.com/gallery/en/image/preview?prefix=20212&app_id=W035-4743
2021,22,,Minh Cuong Le,,Vietnam,W011-1152,20212,https://iaplc.com/gallery/en/image/preview?prefix=20212&app_id=W011-1152
2021,23,,RYO YOSHIDA,吉田 リョウ,Japan,J002-9613,20212,https://iaplc.com/gallery/en/image/preview?prefix=20212&app_id=J002-9613
2021,24,,SOLIHIN GEPENG,,Indonesia,W005-4215,20212,https://iaplc.com/gallery/en/image/preview?prefix=20212&app_id=W005-4215
2021,25,,Tien Ho Cao,,Vietnam,W020-1713,20212,https://iaplc.com/gallery/en/image/preview?prefix=20212&app_id=W020-1713
2021,26,,Minh Tran Duc,,Vietnam,W012-1946,20212,https://iaplc.com/gallery/en/image/preview?prefix=20212&app_id=W012-1946
2021,27,,Quang Minh Nguyen,,Vietnam,W005-8617,20212,https://iaplc.com/gallery/en/image/preview?prefix=20212&app_id=W005-8617
2021,28,,Rennier Recio Katigbak,,Philippines,W029-4105,20212,https://iaplc.com/gallery/en/image/preview?prefix=20212&app_id=W029-4105
2021,29,,Luis Carlos Galarraga Luis Carlos Galarraga,,Brazil,W029-6816,20212,https://iaplc.com/gallery/en/image/preview?prefix=20212&app_id=W029-6816
2021,30,,Ludo BOURDIN Ludovic BOURDIN,,France,W003-3060,20212,https://iaplc.com/gallery/en/image/preview?prefix=20212&app_id=W003-3060
2021,31,,王 超,王 超,People’s Republic of China,W036-4714,20212,https://iaplc.com/gallery/en/image/preview?prefix=20212&app_id=W036-4714
2021,32,,Tomoaki Ueno,上野 知明,Japan,J027-0906,20212,https://iaplc.com/gallery/en/image/preview?prefix=20212&app_id=J027-0906
2021,33,,Hiroki Takaishi,高石 浩貴,Japan,J022-4070,20212,https://iaplc.com/gallery/en/image/preview?prefix=20212&app_id=J022-4070
2021,34,,Yimmay Feng,冯艳梅,People’s Republic of China,W012-6273,20212,https://iaplc.com/gallery/en/image/preview?prefix=20212&app_id=W012-6273
2021,35,,MARCELO TAKENO,,Brazil,W027-1377,20212,https://iaplc.com/gallery/en/image/preview?prefix=20212&app_id=W027-1377
2021,36,,Toni Oktapriadi,,Indonesia,W012-1956,20212,https://iaplc.com/gallery/en/image/preview?prefix=20212&app_id=W012-1956
2021,37,,Steven Chong,,Japan,W010-6492,20212,https://iaplc.com/gallery/en/image/preview?prefix=20212&app_id=W010-6492
2021,38,,Hidekazu Tsukiji,築地 秀和,Japan,J020-0863,20212,https://iaplc.com/gallery/en/image/preview?prefix=20212&app_id=J020-0863
2021,39,,Yoshihiro Shiga,志賀 美洋,Japan,J035-2463,20212,https://iaplc.com/gallery/en/image/preview?prefix=20212&app_id=J035-2463
2021,40,,范 哲敏,范 哲敏,People’s Republic of China,W030-4756,20212,https://iaplc.com/gallery/en/image/preview?prefix=20212&app_id=W030-4756
2021,41,,Tomas Gallik,,Great Britain,W010-2826,20212,https://iaplc.com/gallery/en/image/preview?prefix=20212&app_id=W010-2826
2021,42,,Pavol Kulanda,,Great Britain,W019-3598,20212,https://iaplc.com/gallery/en/image/preview?prefix=20212&app_id=W019-3598
2021,43,,Mario Perez Marcos Mario Pérez Marcos,,Spain,W032-4368,20212,https://iaplc.com/gallery/en/image/preview?prefix=20212&app_id=W032-4368
2021,44,,Hugo Liao,廖國宏,Chinese Taipei,W019-7866,20212,https://iaplc.com/gallery/en/image/preview?prefix=20212&app_id=W019-7866
2021,45,,Thanapat Preeyangkool,,Thailand,W021-0055,20212,https://iaplc.com/gallery/en/image/preview?prefix=20212&app_id=W021-0055
2021,46,,Hironori Handa,半田 浩規,Japan,J024-1964,20212,https://iaplc.com/gallery/en/image/preview?prefix=20212&app_id=J024-1964
2021,47,,Naoya Horiguchi,堀口 直哉,Japan,J028-3810,20212,https://iaplc.com/gallery/en/image/preview?prefix=20212&app_id=J028-3810
2021,48,,Flaviu Zapartan,,Romania,W004-7924,20212,https://iaplc.com/gallery/en/image/preview?prefix=20212&app_id=W004-7924
2021,49,,Hùng Võ Tuấn,,Vietnam,W028-7782,20212,https://iaplc.com/gallery/en/image/preview?prefix=20212&app_id=W028-7782
2021,50,,Alexander Hecht Alexander Hecht,,Austria,W015-5060,20212,https://iaplc.com/gallery/en/image/preview?prefix=20212&app_id=W015-5060
2021,51,,何 健初,何 健初,People’s Republic of China,W037-4699,20212,https://iaplc.com/gallery/en/image/preview?prefix=20212&app_id=W037-4699
2021,52,,Atsuya Kawashima,川島 淳也,Japan,J029-1413,20212,https://iaplc.com/gallery/en/image/preview?prefix=20212&app_id=J029-1413
2021,53,,Ray Lee,李啓瑞,Chinese Taipei,W016-0054,20212,https://iaplc.com/gallery/en/image/preview?prefix=20212&app_id=W016-0054
2021,54,,A. Long Tran Hoang,,Vietnam,W030-2325,20212,https://iaplc.com/gallery/en/image/preview?prefix=20212&app_id=W030-2325
2021,55,,范 博文,范 博文,People’s Republic of China,W031-4683,20212,https://iaplc.com/gallery/en/image/preview?prefix=20212&app_id=W031-4683
2021,56,,Bernat Hosta Bernat Hosta,,Andorra,W023-0661,20212,https://iaplc.com/gallery/en/image/preview?prefix=20212&app_id=W023-0661
2021,57,,FRANCISCO JOSE PARRAGA GARCIA,,Spain,W029-3109,20212,https://iaplc.com/gallery/en/image/preview?prefix=20212&app_id=W029-3109
2021,58,,Nobphacha Yimyou,,Thailand,W019-7483,20212,https://iaplc.com/gallery/en/image/preview?prefix=20212&app_id=W019-7483
2021,59,,Ryo Watanabe,渡邉 凌,Japan,W024-0362,20212,https://iaplc.com/gallery/en/image/preview?prefix=20212&app_id=W024-0362
2021,60,,Hyoungjoo Jeon,,Republic of Korea,W011-4189,20212,https://iaplc.com/gallery/en/image/preview?prefix=20212&app_id=W011-4189
2021,61,,Haruji Takee,武江 春治,Japan,J023-1511,20212,https://iaplc.com/gallery/en/image/preview?prefix=20212&app_id=J023-1511
2021,62,,Gary sze Gary sze,,Singapore,W036-2374,20212,https://iaplc.com/gallery/en/image/preview?prefix=20212&app_id=W036-2374
2021,63,,Vincent Braquet Vincent Braquet,,France,W019-5001,20212,https://iaplc.com/gallery/en/image/preview?prefix=20212&app_id=W019-5001
2021,64,,Nuno Matos Nuno Matos,,Portugal,W020-8391,20212,https://iaplc.com/gallery/en/image/preview?prefix=20212&app_id=W020-8391
2021,65,,Marvin Lo Marvin Lo,,United States of America,W019-8781,20212,https://iaplc.com/gallery/en/image/preview?prefix=20212&app_id=W019-8781
2021,66,,Özgün Ulaş Tüzel,,Turkey,W025-5078,20212,https://iaplc.com/gallery/en/image/preview?prefix=20212&app_id=W025-5078
2021,67,,Tomaz Minatti,,Brazil,W014-2310,20212,https://iaplc.com/gallery/en/image/preview?prefix=20212&app_id=W014-2310
2021,68,,Thongplew wongsapanna Thongplew Wongsapanna,,Thailand,W021-8174,20212,https://iaplc.com/gallery/en/image/preview?prefix=20212&app_id=W021-8174
2021,69,,Al Amin Kamarudin,,Malaysia,W013-2385,20212,https://iaplc.com/gallery/en/image/preview?prefix=20212&app_id=W013-2385
2021,70,,Aya Aoki,青木 あや,Japan,J015-7992,20212,https://iaplc.com/gallery/en/image/preview?prefix=20212&app_id=J015-7992
2021,71,,Adhi Wiratmoko,,Indonesia,W006-3223,20212,https://iaplc.com/gallery/en/image/preview?prefix=20212&app_id=W006-3223
2021,72,,Martial Hervy,,France,W018-4896,20212,https://iaplc.com/gallery/en/image/preview?prefix=20212&app_id=W018-4896
2021,73,,Yuta Takahagi,髙萩 雄大,Japan,J038-0979,20212,https://iaplc.com/gallery/en/image/preview?prefix=20212&app_id=J038-0979
2021,74,,Tran Hoang Long,,Vietnam,W018-6695,20212,https://iaplc.com/gallery/en/image/preview?prefix=20212&app_id=W018-6695
2021,75,,fatchurrochman ever fatchurrochman,,Indonesia,W011-9151,20212,https://iaplc.com/gallery/en/image/preview?prefix=20212&app_id=W011-9151
2021,76,,Kiing Teck Yan,,Malaysia,W020-9725,20212,https://iaplc.com/gallery/en/image/preview?prefix=20212&app_id=W020-9725
2021,77,,Vladimír Tomek Vladimír Tomek,,Czech Republic,W037-1301,20212,https://iaplc.com/gallery/en/image/preview?prefix=20212&app_id=W037-1301
2021,78,,PHUC LIEN HOAI,,Vietnam,W006-0602,20212,https://iaplc.com/gallery/en/image/preview?prefix=20212&app_id=W006-0602
2021,79,,Marc Svensson,,Denmark,W008-2223,20212,https://iaplc.com/gallery/en/image/preview?prefix=20212&app_id=W008-2223
2021,80,,Lukasz Ciszkowski,,Poland,W020-9239,20212,https://iaplc.com/gallery/en/image/preview?prefix=20212&app_id=W020-9239
2021,81,,Carlos Souza,,Brazil,W020-4133,20212,https://iaplc.com/gallery/en/image/preview?prefix=20212&app_id=W020-4133
2021,82,,Alen Hodžić,,Croatia,W000-8347,20212,https://iaplc.com/gallery/en/image/preview?prefix=20212&app_id=W000-8347
2021,83,,Awassada Tangdumrongbun,,Thailand,W013-4224,20212,https://iaplc.com/gallery/en/image/preview?prefix=20212&app_id=W013-4224
2021,84,,TRỊNH HẠ LỄ,,Vietnam,W012-9875,20212,https://iaplc.com/gallery/en/image/preview?prefix=20212&app_id=W012-9875
2021,85,,Mark Clifton mark clifton,,Australia,W008-9410,20212,https://iaplc.com/gallery/en/image/preview?prefix=20212&app_id=W008-9410
2021,86,,Akihide Yamashita,山下 哲秀,Japan,J008-0322,20212,https://iaplc.com/gallery/en/image/preview?prefix=20212&app_id=J008-0322
2021,87,,Ryusho Aibara,相原 龍翔,Japan,J016-5141,20212,https://iaplc.com/gallery/en/image/preview?prefix=20212&app_id=J016-5141
2021,88,,HALIM MANAP,,Malaysia,W037-0939,20212,https://iaplc.com/gallery/en/image/preview?prefix=20212&app_id=W037-0939
2021,89,,孙 鑫,孙 鑫,People’s Republic of China,W034-4677,20212,https://iaplc.com/gallery/en/image/preview?prefix=20212&app_id=W034-4677
2021,90,,Michal Adamek,,Poland,W029-7547,20212,https://iaplc.com/gallery/en/image/preview?prefix=20212&app_id=W029-7547
2021,91,,Milos Nikolic,,Serbia,W023-8852,20212,https://iaplc.com/gallery/en/image/preview?prefix=20212&app_id=W023-8852
2021,92,,Tomu Tsubouchi,坪内 登夢,Japan,J019-0062,20212,https://iaplc.com/gallery/en/image/preview?prefix=20212&app_id=J019-0062
2021,93,,Yew Kiat Tan,,Singapore,W016-5134,20212,https://iaplc.com/gallery/en/image/preview?prefix=20212&app_id=W016-5134
2021,94,,Mikio Yamada,山田 幹夫,Japan,J017-9321,20212,https://iaplc.com/gallery/en/image/preview?prefix=20212&app_id=J017-9321
2021,95,,Gloria Ciriello,,Italy,W020-9441,20212,https://iaplc.com/gallery/en/image/preview?prefix=20212&app_id=W020-9441
2021,96,,Angelo Roberto Colombo,,Italy,W003-8002,20212,https://iaplc.com/gallery/en/image/preview?prefix=20212&app_id=W003-8002
2021,97,,Tomasz Matysiak,,Poland,W007-7178,20212,https://iaplc.com/gallery/en/image/preview?prefix=20212&app_id=W007-7178
2021,98,,Hiroki Hayashi,林 寛貴,Japan,J027-2696,20212,https://iaplc.com/gallery/en/image/preview?prefix=20212&app_id=J027-2696
2021,99,,Shu Nishikori,錦織 秀,Japan,J026-7690,20212,https://iaplc.com/gallery/en/image/preview?prefix=20212&app_id=J026-7690
2021,100,,Julien Saucy,,France,W001-1439,20212,https://iaplc.com/gallery/en/image/preview?prefix=20212&app_id=W001-1439
2021,101,,André Luiz M. D. L Rodrigues André Luiz Martins Diniz Lopes Rodrigues,,Brazil,W028-0396,20212,https://iaplc.com/gallery/en/image/preview?prefix=20212&app_id=W028-0396
2021,102,,jin sun cho,,Republic of Korea,W027-6601,20212,https://iaplc.com/gallery/en/image/preview?prefix=20212&app_id=W027-6601
2021,103,,Salvatore Scifo,,Italy,W011-2736,20212,https://iaplc.com/gallery/en/image/preview?prefix=20212&app_id=W011-2736
2021,104,,Son Tu Thai,,Vietnam,W023-4812,20212,https://iaplc.com/gallery/en/image/preview?prefix=20212&app_id=W023-4812
2021,105,,滋 滝谷 滝谷 滋,滋 滝谷 滝谷 滋,Japan,J024-1785,20212,https://iaplc.com/gallery/en/image/preview?prefix=20212&app_id=J024-1785
2021,106,,Adi Pratama,,Indonesia,W015-4414,20212,https://iaplc.com/gallery/en/image/preview?prefix=20212&app_id=W015-4414
2021,107,,Masashi Ono,小野 昌志,Japan,J013-3176,20212,https://iaplc.com/gallery/en/image/preview?prefix=20212&app_id=J013-3176
2021,108,,赵 刚,赵 刚,People’s Republic of China,W035-4764,20212,https://iaplc.com/gallery/en/image/preview?prefix=20212&app_id=W035-4764
2021,109,,Luis Cardoso,,Portugal,W014-1555,20212,https://iaplc.com/gallery/en/image/preview?prefix=20212&app_id=W014-1555
2021,110,,Albert Escrihuela Cáceres Albert Escrihuela Cáceres,,Spain,W011-9899,20212,https://iaplc.com/gallery/en/image/preview?prefix=20212&app_id=W011-9899
2021,111,,Thomas Oreskov Thomas Oreskov,,Denmark,W014-6795,20212,https://iaplc.com/gallery/en/image/preview?prefix=20212&app_id=W014-6795
2021,112,,Nguyen Ngoc Son,,Vietnam,W022-6272,20212,https://iaplc.com/gallery/en/image/preview?prefix=20212&app_id=W022-6272
2021,113,,Thomas gueguen,,France,W008-3108,20212,https://iaplc.com/gallery/en/image/preview?prefix=20212&app_id=W008-3108
2021,114,,Ardho Ardho Chong,,Indonesia,W013-8908,20212,https://iaplc.com/gallery/en/image/preview?prefix=20212&app_id=W013-8908
2021,115,,Florian Breindl,,Germany,W018-7631,20212,https://iaplc.com/gallery/en/image/preview?prefix=20212&app_id=W018-7631
2021,116,,Tamas Danyiko,,Hungary,W025-5335,20212,https://iaplc.com/gallery/en/image/preview?prefix=20212&app_id=W025-5335
2021,117,,Tereza Lazar,,Ukraine,W027-2437,20212,https://iaplc.com/gallery/en/image/preview?prefix=20212&app_id=W027-2437
2021,118,,taegi yoon,윤태기,Republic of Korea,W013-0413,20212,https://iaplc.com/gallery/en/image/preview?prefix=20212&app_id=W013-0413
2021,119,,Amir Valadkhani Amir Valadkhani,,Islamic Republic of Iran,W029-1700,20212,https://iaplc.com/gallery/en/image/preview?prefix=20212&app_id=W029-1700
2021,120,,Thanpong juipasert,,Thailand,W035-4040,20212,https://iaplc.com/gallery/en/image/preview?prefix=20212&app_id=W035-4040
2021,121,,Kenyu Sakai,酒井 けんゆう,Japan,J039-2015,20212,https://iaplc.com/gallery/en/image/preview?prefix=20212&app_id=J039-2015
2021,122,,Gustavo Palacio concili de trento 242 6º 4a,,Spain,W014-6395,20212,https://iaplc.com/gallery/en/image/preview?prefix=20212&app_id=W014-6395
2021,123,,David Pérez David Pérez,,Spain,W020-8046,20212,https://iaplc.com/gallery/en/image/preview?prefix=20212&app_id=W020-8046
2021,124,,健聪 梁 梁健聪,健聪 梁 梁健聪,People’s Republic of China,W012-2720,20212,https://iaplc.com/gallery/en/image/preview?prefix=20212&app_id=W012-2720
2021,125,,Kevin Teoh Kevin Teoh,,Malaysia,W019-9197,20212,https://iaplc.com/gallery/en/image/preview?prefix=20212&app_id=W019-9197
2021,126,,Carlos Guerrero,,Spain,W028-1790,20212,https://iaplc.com/gallery/en/image/preview?prefix=20212&app_id=W028-1790
2021,127,,Stefan Graf,,Austria,W000-3582,20212,https://iaplc.com/gallery/en/image/preview?prefix=20212&app_id=W000-3582
2021,128,,Teddy Lie,,Indonesia,W018-8671,20212,https://iaplc.com/gallery/en/image/preview?prefix=20212&app_id=W018-8671
2021,129,,Jurgita Bendinskiene,,Lithuania,W002-4838,20212,https://iaplc.com/gallery/en/image/preview?prefix=20212&app_id=W002-4838
2021,130,,Marcin Zając Marcin Zając,,Poland,W025-2452,20212,https://iaplc.com/gallery/en/image/preview?prefix=20212&app_id=W025-2452
2021,131,,Philip Schwarz,,Austria,W027-1936,20212,https://iaplc.com/gallery/en/image/preview?prefix=20212&app_id=W027-1936
2021,132,,Thierry Fischbach,,France,W001-8562,20212,https://iaplc.com/gallery/en/image/preview?prefix=20212&app_id=W001-8562
2021,133,,Ryan Noel,,United States of America,W031-0169,20212,https://iaplc.com/gallery/en/image/preview?prefix=20212&app_id=W031-0169
2021,134,,Joshua Mikulich Joshua Mikulich,,United States of America,W028-9628,20212,https://iaplc.com/gallery/en/image/preview?prefix=20212&app_id=W028-9628
2021,135,,Bryan Hermawan Bryan Hermawan,,Singapore,W025-4973,20212,https://iaplc.com/gallery/en/image/preview?prefix=20212&app_id=W025-4973
2021,136,,Alireza kharghany,خرقانی,Islamic Republic of Iran,W019-8664,20212,https://iaplc.com/gallery/en/image/preview?prefix=20212&app_id=W019-8664
2021,137,,NGUYEN THI VY,,Vietnam,W024-2915,20212,https://iaplc.com/gallery/en/image/preview?prefix=20212&app_id=W024-2915
2021,138,,Adrián Lepe,,Mexico,W012-0833,20212,https://iaplc.com/gallery/en/image/preview?prefix=20212&app_id=W012-0833
2021,139,,Jullawong Prapantha,,Thailand,W022-2195,20212,https://iaplc.com/gallery/en/image/preview?prefix=20212&app_id=W022-2195
2021,140,,健心 筒井 筒井 健心,健心 筒井 筒井 健心,Japan,J033-0962,20212,https://iaplc.com/gallery/en/image/preview?prefix=20212&app_id=J033-0962
2021,141,,Samuel Ferreira,,Portugal,W006-6792,20212,https://iaplc.com/gallery/en/image/preview?prefix=20212&app_id=W006-6792
2021,142,,Mizuki Yasuda,保田 瑞基,Japan,J002-2625,20212,https://iaplc.com/gallery/en/image/preview?prefix=20212&app_id=J002-2625
2021,143,,VICHET NOR,,Cambodia,W014-4602,20212,https://iaplc.com/gallery/en/image/preview?prefix=20212&app_id=W014-4602
2021,144,,Quyen Nguyen Ba,,Vietnam,W024-0501,20212,https://iaplc.com/gallery/en/image/preview?prefix=20212&app_id=W024-0501
2021,145,,Harry Kwong Harry Kwong,,"Hong Kong, China",W024-0617,20212,https://iaplc.com/gallery/en/image/preview?prefix=20212&app_id=W024-0617
2021,146,,Pui Chye Ho,,Malaysia,W005-8913,20212,https://iaplc.com/gallery/en/image/preview?prefix=20212&app_id=W005-8913
2021,147,,Ivan Tancler ivan Masculino tancler,,Brazil,W026-0225,20212,https://iaplc.com/gallery/en/image/preview?prefix=20212&app_id=W026-0225
2021,148,,Masanori Hayakawa,早川 正則,Japan,J022-1392,20212,https://iaplc.com/gallery/en/image/preview?prefix=20212&app_id=J022-1392
2021,149,,Sebastian Hopf Sebastian Hopf,,Germany,W015-4972,20212,https://iaplc.com/gallery/en/image/preview?prefix=20212&app_id=W015-4972
2021,150,,DUY PHAM QUOC,,Vietnam,W021-6351,20212,https://iaplc.com/gallery/en/image/preview?prefix=20212&app_id=W021-6351
2021,151,,VINH QUACH,,Vietnam,W026-2486,20212,https://iaplc.com/gallery/en/image/preview?prefix=20212&app_id=W026-2486
2021,152,,fuhong guan,观富宏,People’s Republic of China,W026-7913,20212,https://iaplc.com/gallery/en/image/preview?prefix=20212&app_id=W026-7913
2021,153,,叶 毅,叶 毅,People’s Republic of China,W038-4770,20212,https://iaplc.com/gallery/en/image/preview?prefix=20212&app_id=W038-4770
2021,154,,Bimantara Aniz,,Indonesia,W001-8120,20212,https://iaplc.com/gallery/en/image/preview?prefix=20212&app_id=W001-8120
2021,155,,Daiki Suzuki,鈴木 大樹,Japan,J026-7005,20212,https://iaplc.com/gallery/en/image/preview?prefix=20212&app_id=J026-7005
2021,156,,Lai Phan The,,Vietnam,W001-8452,20212,https://iaplc.com/gallery/en/image/preview?prefix=20212&app_id=W001-8452
2021,157,,Franz Aniol,,Germany,W037-2612,20212,https://iaplc.com/gallery/en/image/preview?prefix=20212&app_id=W037-2612
2021,158,,NUR HARZARUL AFIQ MOKHTAR Harzarul Afiq,,Malaysia,W006-5951,20212,https://iaplc.com/gallery/en/image/preview?prefix=20212&app_id=W006-5951
2021,159,,Bryan CHANGUES,,France,W027-3349,20212,https://iaplc.com/gallery/en/image/preview?prefix=20212&app_id=W027-3349
2021,160,,MOCHAMMAD NOVIEZAL JALI,,Indonesia,W007-0574,20212,https://iaplc.com/gallery/en/image/preview?prefix=20212&app_id=W007-0574
2021,161,,Алексей Киргизов,Алексей Киргизов,Belarus,W031-1744,20212,https://iaplc.com/gallery/en/image/preview?prefix=20212&app_id=W031-1744
2021,162,,Ben Day,,Australia,W028-3297,20212,https://iaplc.com/gallery/en/image/preview?prefix=20212&app_id=W028-3297
2021,163,,Hiroyuki Fukuda,福田 浩之,Japan,J010-4230,20212,https://iaplc.com/gallery/en/image/preview?prefix=20212&app_id=J010-4230
2021,164,,Mariia Osadchaia,,Russian Federation,W023-0208,20212,https://iaplc.com/gallery/en/image/preview?prefix=20212&app_id=W023-0208
2021,165,,Ales Klouda Ales Klouda,,Czech Republic,W002-8744,20212,https://iaplc.com/gallery/en/image/preview?prefix=20212&app_id=W002-8744
2021,166,,Hayato Ochi,越智 隼人,Japan,J035-3571,20212,https://iaplc.com/gallery/en/image/preview?prefix=20212&app_id=J035-3571
2021,167,,Tuan Nguyen Bao,,Vietnam,W025-0422,20212,https://iaplc.com/gallery/en/image/preview?prefix=20212&app_id=W025-0422
2021,168,,代 星月,代 星月,People’s Republic of China,W032-4785,20212,https://iaplc.com/gallery/en/image/preview?prefix=20212&app_id=W032-4785
2021,169,,YUSOFF NASYRWAN ADIL NASYRWAN,,Malaysia,W023-7406,20212,https://iaplc.com/gallery/en/image/preview?prefix=20212&app_id=W023-7406
2021,170,,Jason Tan Jason Tan,,Malaysia,W014-5882,20212,https://iaplc.com/gallery/en/image/preview?prefix=20212&app_id=W014-5882
2021,171,,Reivan Lee,,Malaysia,W012-6623,20212,https://iaplc.com/gallery/en/image/preview?prefix=20212&app_id=W012-6623
2021,172,,Amirul husaini Shahrom Amirul Shahrom,,Malaysia,W003-0111,20212,https://iaplc.com/gallery/en/image/preview?prefix=20212&app_id=W003-0111
2021,173,,HUYNH HAI,,Vietnam,W011-2783,20212,https://iaplc.com/gallery/en/image/preview?prefix=20212&app_id=W011-2783
2021,174,,NGUYỄN THỊ DIỄM PHÚC,,Vietnam,W015-9950,20212,https://iaplc.com/gallery/en/image/preview?prefix=20212&app_id=W015-9950
2021,175,,何 翌,何 翌,People’s Republic of China,W038-4792,20212,https://iaplc.com/gallery/en/image/preview?prefix=20212&app_id=W038-4792
2021,176,,Bau Vo Khac,,Vietnam,W028-7248,20212,https://iaplc.com/gallery/en/image/preview?prefix=20212&app_id=W028-7248
2021,177,,Garzon Luis Alejandro,,Colombia,W024-1044,20212,https://iaplc.com/gallery/en/image/preview?prefix=20212&app_id=W024-1044
2021,178,,关 利伟,关 利伟,People’s Republic of China,W031-4804,20212,https://iaplc.com/gallery/en/image/preview?prefix=20212&app_id=W031-4804
2021,179,,李 萌萌,李 萌萌,People’s Republic of China,W032-4812,20212,https://iaplc.com/gallery/en/image/preview?prefix=20212&app_id=W032-4812
2021,180,,Yanjun Sun,孙彦军,People’s Republic of China,W014-3948,20212,https://iaplc.com/gallery/en/image/preview?prefix=20212&app_id=W014-3948
2021,181,,Anthony Mailed,,United Arab Emirates,W006-9962,20212,https://iaplc.com/gallery/en/image/preview?prefix=20212&app_id=W006-9962
2021,182,,Mingxiang Wei,韦明翔,People’s Republic of China,W018-9481,20212,https://iaplc.com/gallery/en/image/preview?prefix=20212&app_id=W018-9481
2021,183,,Maxime DOUHERET,,France,W001-1109,20212,https://iaplc.com/gallery/en/image/preview?prefix=20212&app_id=W001-1109
2021,184,,Niko Tsukiji,築地 二瑚,Japan,J023-6135,20212,https://iaplc.com/gallery/en/image/preview?prefix=20212&app_id=J023-6135
2021,185,,Iosif Nicolae Adrian,,Romania,W024-2218,20212,https://iaplc.com/gallery/en/image/preview?prefix=20212&app_id=W024-2218
2021,186,,Diandra Ardiona Gong,,Indonesia,W037-3628,20212,https://iaplc.com/gallery/en/image/preview?prefix=20212&app_id=W037-3628
2021,187,,chin yu,尤顺劲,Malaysia,W001-7843,20212,https://iaplc.com/gallery/en/image/preview?prefix=20212&app_id=W001-7843
2021,188,,JunHyeok Jeong,,Republic of Korea,W027-6409,20212,https://iaplc.com/gallery/en/image/preview?prefix=20212&app_id=W027-6409
2021,189,,孟 庆辉,孟 庆辉,People’s Republic of China,W036-4825,20212,https://iaplc.com/gallery/en/image/preview?prefix=20212&app_id=W036-4825
2021,190,,洪 光霖,洪 光霖,People’s Republic of China,W035-4835,20212,https://iaplc.com/gallery/en/image/preview?prefix=20212&app_id=W035-4835
2021,191,,Samuel Pachschwoell Samuel Pachschwöll,,Austria,W015-3221,20212,https://iaplc.com/gallery/en/image/preview?prefix=20212&app_id=W015-3221
2021,192,,Ryan Seymour Ryan Seymour,,United States of America,W011-0860,20212,https://iaplc.com/gallery/en/image/preview?prefix=20212&app_id=W011-0860
2021,193,,Van Dong Dang,,Vietnam,W023-1290,20212,https://iaplc.com/gallery/en/image/preview?prefix=20212&app_id=W023-1290
2021,194,,Daewoong Park,,Republic of Korea,W021-7478,20212,https://iaplc.com/gallery/en/image/preview?prefix=20212&app_id=W021-7478
2021,195,,KENICHIRO SHIRAI,白井 健一郎,Japan,J036-3249,20212,https://iaplc.com/gallery/en/image/preview?prefix=20212&app_id=J036-3249
2021,196,,DO NAM KWON,권도남,Republic of Korea,W013-9752,20212,https://iaplc.com/gallery/en/image/preview?prefix=20212&app_id=W013-9752
2021,197,,detao zhang,张德涛,People’s Republic of China,W003-8410,20212,https://iaplc.com/gallery/en/image/preview?prefix=20212&app_id=W003-8410
2021,198,,Oleg Krachkovskiy Krachkovskiy Oleg Ivanovich,,Ukraine,W019-5808,20212,https://iaplc.com/gallery/en/image/preview?prefix=20212&app_id=W019-5808
2021,199,,BEIBEI ZHANG,张蓓蓓,People’s Republic of China,W010-5864,20212,https://iaplc.com/gallery/en/image/preview?prefix=20212&app_id=W010-5864
2021,200,,Atsushi Eguchi,江口 敦,Japan,J013-9425,20212,https://iaplc.com/gallery/en/image/preview?prefix=20212&app_id=J013-9425
2021,201,,Gwan Won Seo,서관원,Republic of Korea,W038-0711,20212,https://iaplc.com/gallery/en/image/preview?prefix=20212&app_id=W038-0711
2021,202,,VICTOR FOO,,Malaysia,W006-2548,20212,https://iaplc.com/gallery/en/image/preview?prefix=20212&app_id=W006-2548
2021,203,,I NYOMAN MARWITA,,Indonesia,W005-4176,20212,https://iaplc.com/gallery/en/image/preview?prefix=20212&app_id=W005-4176
2021,204,,Kawata Kazuyoshi,川田 和由,Japan,J008-6385,20212,https://iaplc.com/gallery/en/image/preview?prefix=20212&app_id=J008-6385
2021,205,,Narto Tan,,Indonesia,W028-5443,20212,https://iaplc.com/gallery/en/image/preview?prefix=20212&app_id=W028-5443
2021,206,,Paco Mir,,Spain,W005-4205,20212,https://iaplc.com/gallery/en/image/preview?prefix=20212&app_id=W005-4205
2021,207,,Ming Jiang,姜明,People’s Republic of China,W022-4334,20212,https://iaplc.com/gallery/en/image/preview?prefix=20212&app_id=W022-4334
2021,208,,Thanadeth Vareecharoenchai,,Thailand,W024-1692,20212,https://iaplc.com/gallery/en/image/preview?prefix=20212&app_id=W024-1692
2021,209,,Corentin PORRAL,,France,W010-4009,20212,https://iaplc.com/gallery/en/image/preview?prefix=20212&app_id=W010-4009
2021,210,,卢 佳伟,卢 佳伟,People’s Republic of China,W030-4842,20212,https://iaplc.com/gallery/en/image/preview?prefix=20212&app_id=W030-4842
2021,211,,Raul Albulescu,,Romania,W011-1920,20212,https://iaplc.com/gallery/en/image/preview?prefix=20212&app_id=W011-1920
2021,212,,Cam Linh Lai,,Singapore,W028-1483,20212,https://iaplc.com/gallery/en/image/preview?prefix=20212&app_id=W028-1483
2021,213,,赵 轩,赵 轩,People’s Republic of China,W034-4852,20212,https://iaplc.com/gallery/en/image/preview?prefix=20212&app_id=W034-4852
2021,214,,Zhen-yang Ou,歐振揚,Chinese Taipei,W007-1040,20212,https://iaplc.com/gallery/en/image/preview?prefix=20212&app_id=W007-1040
2021,215,,Piotr Topolski Sunrise,,Poland,W013-9795,20212,https://iaplc.com/gallery/en/image/preview?prefix=20212&app_id=W013-9795
2021,216,,Antonios Zormpas,,Greece,W032-1475,20212,https://iaplc.com/gallery/en/image/preview?prefix=20212&app_id=W032-1475
2021,217,,Junichi Hyodo,兵藤 潤一,Japan,J027-5130,20212,https://iaplc.com/gallery/en/image/preview?prefix=20212&app_id=J027-5130
2021,218,,Steven Stringer Steven Stringer,,Australia,W019-0604,20212,https://iaplc.com/gallery/en/image/preview?prefix=20212&app_id=W019-0604
2021,219,,Akira Sawa,澤 玲良,Japan,J036-3162,20212,https://iaplc.com/gallery/en/image/preview?prefix=20212&app_id=J036-3162
2021,220,,Radek Nejdl,,Czech Republic,W019-5333,20212,https://iaplc.com/gallery/en/image/preview?prefix=20212&app_id=W019-5333
2021,221,,何 鸿杰,何 鸿杰,People’s Republic of China,W039-4869,20212,https://iaplc.com/gallery/en/image/preview?prefix=20212&app_id=W039-4869
2021,222,,郑 海龙,郑 海龙,People’s Republic of China,W038-4876,20212,https://iaplc.com/gallery/en/image/preview?prefix=20212&app_id=W038-4876
2021,223,,Virgilio Cortes,,Philippines,W019-3361,20212,https://iaplc.com/gallery/en/image/preview?prefix=20212&app_id=W019-3361
2021,224,,Hiroyasu Makino,牧野 浩靖,Japan,J030-2112,20212,https://iaplc.com/gallery/en/image/preview?prefix=20212&app_id=J030-2112
2021,225,,Rafael Valim,,Brazil,W023-6239,20212,https://iaplc.com/gallery/en/image/preview?prefix=20212&app_id=W023-6239
2021,226,,Huzefa Goga Huzefa shabbir Goga,,United Arab Emirates,W016-8911,20212,https://iaplc.com/gallery/en/image/preview?prefix=20212&app_id=W016-8911
2021,227,,Laurent Garcia,,France,W022-3136,20212,https://iaplc.com/gallery/en/image/preview?prefix=20212&app_id=W022-3136
2021,228,,simone castagnoli,,Italy,W016-8153,20212,https://iaplc.com/gallery/en/image/preview?prefix=20212&app_id=W016-8153
2021,229,,takashi higashi,東 貴,Japan,J006-8116,20212,https://iaplc.com/gallery/en/image/preview?prefix=20212&app_id=J006-8116
2021,230,,Roy Roy,,Indonesia,W017-5625,20212,https://iaplc.com/gallery/en/image/preview?prefix=20212&app_id=W017-5625
2021,231,,Marcos Ceprián González Marcos Ceprian Gonzalez,,Spain,W012-0808,20212,https://iaplc.com/gallery/en/image/preview?prefix=20212&app_id=W012-0808
2021,232,,Giovanni Boggia,,Italy,W011-2186,20212,https://iaplc.com/gallery/en/image/preview?prefix=20212&app_id=W011-2186
2021,233,,林 齐,林 齐,People’s Republic of China,W033-4886,20212,https://iaplc.com/gallery/en/image/preview?prefix=20212&app_id=W033-4886
2021,234,,Yasuhiro Wakayama,若山 康弘,Japan,J028-3670,20212,https://iaplc.com/gallery/en/image/preview?prefix=20212&app_id=J028-3670
2021,235,,Joseph Marreira,,Brazil,W020-3685,20212,https://iaplc.com/gallery/en/image/preview?prefix=20212&app_id=W020-3685
2021,236,,Tatsuya Jindo,神藤 達也,Japan,J025-1736,20212,https://iaplc.com/gallery/en/image/preview?prefix=20212&app_id=J025-1736
2021,237,,Viviana Boregio,,Italy,W026-5782,20212,https://iaplc.com/gallery/en/image/preview?prefix=20212&app_id=W026-5782
2021,238,,Yii Ee Hie,,Malaysia,W031-3534,20212,https://iaplc.com/gallery/en/image/preview?prefix=20212&app_id=W031-3534
2021,239,,Yasuyuki Hasegawa,長谷川 康之,Japan,J000-9280,20212,https://iaplc.com/gallery/en/image/preview?prefix=20212&app_id=J000-9280
2021,240,,Hisayasu Yoshitomi,吉富 久泰,Japan,J021-4545,20212,https://iaplc.com/gallery/en/image/preview?prefix=20212&app_id=J021-4545
2021,241,,付 光林,付 光林,People’s Republic of China,W030-4891,20212,https://iaplc.com/gallery/en/image/preview?prefix=20212&app_id=W030-4891
2021,242,,XIAOQING WANG,王晓清,People’s Republic of China,W027-0248,20212,https://iaplc.com/gallery/en/image/preview?prefix=20212&app_id=W027-0248
2021,243,,Shin Yoshida,吉田 慎,Japan,J016-9661,20212,https://iaplc.com/gallery/en/image/preview?prefix=20212&app_id=J016-9661
2021,244,,Kazuma Takeuchi,竹内 一馬,Japan,J032-0089,20212,https://iaplc.com/gallery/en/image/preview?prefix=20212&app_id=J032-0089
2021,245,,Masaharu Yamauchi,山内 賢春,Japan,J000-7561,20212,https://iaplc.com/gallery/en/image/preview?prefix=20212&app_id=J000-7561
2021,246,,LAFAIETE FRANCO LAFAIETE REIS FRANCO,,Brazil,W020-3938,20212,https://iaplc.com/gallery/en/image/preview?prefix=20212&app_id=W020-3938
2021,247,,Hiroki Akahori,赤堀 祐樹,Japan,J010-5278,20212,https://iaplc.com/gallery/en/image/preview?prefix=20212&app_id=J010-5278
2021,248,,amr sarwat,,Egypt,W001-7061,20212,https://iaplc.com/gallery/en/image/preview?prefix=20212&app_id=W001-7061
2021,249,,Shusaku Murakami,村上 秀作,Japan,J010-2097,20212,https://iaplc.com/gallery/en/image/preview?prefix=20212&app_id=J010-2097
2021,250,,BRUNA ANDRADE,,Brazil,W011-3468,20212,https://iaplc.com/gallery/en/image/preview?prefix=20212&app_id=W011-3468
2021,251,,Ming feng CHENG,鄭名峯,Chinese Taipei,W006-8314,20212,https://iaplc.com/gallery/en/image/preview?prefix=20212&app_id=W006-8314
2021,252,,Masafumi Saito,齋藤 雅文,Japan,J020-9860,20212,https://iaplc.com/gallery/en/image/preview?prefix=20212&app_id=J020-9860
2021,253,,Masahiro Tayama,田山 勝浩,Japan,J003-7296,20212,https://iaplc.com/gallery/en/image/preview?prefix=20212&app_id=J003-7296
2021,254,,王 胜龙,王 胜龙,People’s Republic of China,W031-4901,20212,https://iaplc.com/gallery/en/image/preview?prefix=20212&app_id=W031-4901
2021,255,,Kwang Chen Khor,许廣舰,Malaysia,W027-6970,20212,https://iaplc.com/gallery/en/image/preview?prefix=20212&app_id=W027-6970
2021,256,,Conrado Jr Bergundo,,Philippines,W010-3534,20212,https://iaplc.com/gallery/en/image/preview?prefix=20212&app_id=W010-3534
2021,257,,张 琪,张 琪,People’s Republic of China,W034-4919,20212,https://iaplc.com/gallery/en/image/preview?prefix=20212&app_id=W034-4919
2021,258,,Jagdeep Singh,,Australia,W027-4050,20212,https://iaplc.com/gallery/en/image/preview?prefix=20212&app_id=W027-4050
2021,259,,Dang Thai Ton Đặng Thái Tôn,,Vietnam,W020-1853,20212,https://iaplc.com/gallery/en/image/preview?prefix=20212&app_id=W020-1853
2021,260,,PATRIK NEMETH,,Hungary,W001-9513,20212,https://iaplc.com/gallery/en/image/preview?prefix=20212&app_id=W001-9513
2021,261,,fang hao wang,王方豪,Chinese Taipei,W001-1880,20212,https://iaplc.com/gallery/en/image/preview?prefix=20212&app_id=W001-1880
2021,262,,Giuseppe Nisi Giuseppe Nisi,,Italy,W014-4171,20212,https://iaplc.com/gallery/en/image/preview?prefix=20212&app_id=W014-4171
2021,263,,Manuel Ueberacher,,Germany,W026-9070,20212,https://iaplc.com/gallery/en/image/preview?prefix=20212&app_id=W026-9070
2021,264,,Andi Naila Bachtiar,,Indonesia,W019-9217,20212,https://iaplc.com/gallery/en/image/preview?prefix=20212&app_id=W019-9217
2021,265,,jungwoo yoo,유정우,Republic of Korea,W012-1732,20212,https://iaplc.com/gallery/en/image/preview?prefix=20212&app_id=W012-1732
2021,266,,Takuya Maruyama,丸山 卓也,Japan,J025-0101,20212,https://iaplc.com/gallery/en/image/preview?prefix=20212&app_id=J025-0101
2021,267,,Mika Baba,馬塲 美香,Japan,J021-1977,20212,https://iaplc.com/gallery/en/image/preview?prefix=20212&app_id=J021-1977
2021,268,,KONGJUN XING,邢孔军,Singapore,W029-8054,20212,https://iaplc.com/gallery/en/image/preview?prefix=20212&app_id=W029-8054
2021,269,,NICKSON MARPAUNG,,Indonesia,W004-1877,20212,https://iaplc.com/gallery/en/image/preview?prefix=20212&app_id=W004-1877
2021,270,,Soichiro Natori,名取 宗一郎,Japan,J018-2170,20212,https://iaplc.com/gallery/en/image/preview?prefix=20212&app_id=J018-2170
2021,271,,TRIEU LE VU HOANG,,Vietnam,W004-6301,20212,https://iaplc.com/gallery/en/image/preview?prefix=20212&app_id=W004-6301
2021,272,,Binh Duong Chi,,Vietnam,W001-9428,20212,https://iaplc.com/gallery/en/image/preview?prefix=20212&app_id=W001-9428
2021,273,,AYKUT AKDENİZ,,Turkey,W019-6334,20212,https://iaplc.com/gallery/en/image/preview?prefix=20212&app_id=W019-6334
2021,274,,dian pranaya,,Indonesia,W027-5531,20212,https://iaplc.com/gallery/en/image/preview?prefix=20212&app_id=W027-5531
2021,275,,Junichi Itakura,板倉 淳一,Japan,J025-5140,20212,https://iaplc.com/gallery/en/image/preview?prefix=20212&app_id=J025-5140
2021,276,,Artur Polak,,Poland,W010-0818,20212,https://iaplc.com/gallery/en/image/preview?prefix=20212&app_id=W010-0818
2021,277,,Filipe Serrenho,,Portugal,W029-9462,20212,https://iaplc.com/gallery/en/image/preview?prefix=20212&app_id=W029-9462
2021,278,,FABIO LORUSSO,,Italy,W014-9433,20212,https://iaplc.com/gallery/en/image/preview?prefix=20212&app_id=W014-9433
2021,279,,linh nguyễn,,Vietnam,W010-7379,20212,https://iaplc.com/gallery/en/image/preview?prefix=20212&app_id=W010-7379
2021,280,,张 旭东,张 旭东,People’s Republic of China,W031-4921,20212,https://iaplc.com/gallery/en/image/preview?prefix=20212&app_id=W031-4921
2021,281,,Akmal Aznuri,,Indonesia,W017-1232,20212,https://iaplc.com/gallery/en/image/preview?prefix=20212&app_id=W017-1232
2021,282,,JORGE HURTADO,,Mexico,W024-1151,20212,https://iaplc.com/gallery/en/image/preview?prefix=20212&app_id=W024-1151
2021,283,,PARTHIV SAHA,,India,W012-8092,20212,https://iaplc.com/gallery/en/image/preview?prefix=20212&app_id=W012-8092
2021,284,,Thoyib akarkayu Okta rizal,,Indonesia,W026-2986,20212,https://iaplc.com/gallery/en/image/preview?prefix=20212&app_id=W026-2986
2021,285,,Antoni Dimitrov Antoni Dimitrov,,Great Britain,W001-3242,20212,https://iaplc.com/gallery/en/image/preview?prefix=20212&app_id=W001-3242
2021,287,,KEVIN YONG,,Malaysia,W004-0913,20212,https://iaplc.com/gallery/en/image/preview?prefix=20212&app_id=W004-0913
2021,288,,Marçal Galí Bohera,,Spain,W021-3120,20212,https://iaplc.com/gallery/en/image/preview?prefix=20212&app_id=W021-3120
2021,289,,Ziyuan Dongsheng,东升子源,People’s Republic of China,W026-4119,20212,https://iaplc.com/gallery/en/image/preview?prefix=20212&app_id=W026-4119
2021,290,,AMRITA KAR,,India,W023-3371,20212,https://iaplc.com/gallery/en/image/preview?prefix=20212&app_id=W023-3371
2021,291,,Haruhiko Amano,天野 ハルヒコ,Japan,J031-2438,20212,https://iaplc.com/gallery/en/image/preview?prefix=20212&app_id=J031-2438
2021,292,,Jhonny Vanegas,,Colombia,W022-8271,20212,https://iaplc.com/gallery/en/image/preview?prefix=20212&app_id=W022-8271
2021,293,,刁 宏磊,刁 宏磊,People’s Republic of China,W031-4936,20212,https://iaplc.com/gallery/en/image/preview?prefix=20212&app_id=W031-4936
2021,294,,Gaston Zambrano,,Ecuador,W013-7269,20212,https://iaplc.com/gallery/en/image/preview?prefix=20212&app_id=W013-7269
2021,295,,Maciej Michalski,,Poland,W034-1179,20212,https://iaplc.com/gallery/en/image/preview?prefix=20212&app_id=W034-1179
2021,296,,KEVIN LIU,,Chinese Taipei,W014-5798,20212,https://iaplc.com/gallery/en/image/preview?prefix=20212&app_id=W014-5798
2021,297,,YOSINOBU YAMGUCHI,山口 欣信,Japan,J017-9735,20212,https://iaplc.com/gallery/en/image/preview?prefix=20212&app_id=J017-9735
2021,298,,Kenichirou Komata,古俣 健一郎,Japan,J000-1659,20212,https://iaplc.com/gallery/en/image/preview?prefix=20212&app_id=J000-1659
2021,299,,Przemyslaw Wilk,,Poland,W027-8442,20212,https://iaplc.com/gallery/en/image/preview?prefix=20212&app_id=W027-8442
2021,300,,Ibrahim R.ibrahim,,Indonesia,W001-7229,20212,https://iaplc.com/gallery/en/image/preview?prefix=20212&app_id=W001-7229
2020,1,,Siak Wee Yeo,杨锡纬,Malaysia,W018-0887,20202,https://iaplc.com/gallery/en/image/preview?prefix=20202&app_id=W018-0887
2020,2,,Steven Chong,张德伟,United States of America,W023-5445,20202,https://iaplc.com/gallery/en/image/preview?prefix=20202&app_id=W023-5445
2020,3,,Sim Kian Hong,,Malaysia,W016-0378,20202,https://iaplc.com/gallery/en/image/preview?prefix=20202&app_id=W016-0378
2020,5,,Roger Goh,,Singapore,W012-8057,20202,https://iaplc.com/gallery/en/image/preview?prefix=20202&app_id=W012-8057
2020,6,,Jheng Yu Lyu,呂政育,Chinese Taipei,W006-8195,20202,https://iaplc.com/gallery/en/image/preview?prefix=20202&app_id=W006-8195
2020,7,,Luis Carlos Galarraga,,Brazil,W003-9396,20202,https://iaplc.com/gallery/en/image/preview?prefix=20202&app_id=W003-9396
2020,8,,Heri Amir,,Indonesia,W017-8574,20202,https://iaplc.com/gallery/en/image/preview?prefix=20202&app_id=W017-8574
2020,9,,KWONG KAM PUI,鄺錦培,"Hong Kong, China",W013-2873,20202,https://iaplc.com/gallery/en/image/preview?prefix=20202&app_id=W013-2873
2020,10,,chao wang,王超,People’s Republic of China,W025-2782,20202,https://iaplc.com/gallery/en/image/preview?prefix=20202&app_id=W025-2782
2020,11,,Takashi Hosoda,細田 孝志,Japan,J008-2049,20202,https://iaplc.com/gallery/en/image/preview?prefix=20202&app_id=J008-2049
2020,12,,Wai Keung Wong,,"Hong Kong, China",W002-9173,20202,https://iaplc.com/gallery/en/image/preview?prefix=20202&app_id=W002-9173
2020,13,,Robertus Hartono,,Singapore,W004-9697,20202,https://iaplc.com/gallery/en/image/preview?prefix=20202&app_id=W004-9697
2020,14,,Ray Lee,李啓瑞,Chinese Taipei,W013-0357,20202,https://iaplc.com/gallery/en/image/preview?prefix=20202&app_id=W013-0357
2020,15,,Jason Tan,陈俊伟,Malaysia,W013-6427,20202,https://iaplc.com/gallery/en/image/preview?prefix=20202&app_id=W013-6427
2020,16,,Efrain Sequera,,Spain,W012-2420,20202,https://iaplc.com/gallery/en/image/preview?prefix=20202&app_id=W012-2420
2020,17,,Juan Puchades Rufino,,Spain,W006-8389,20202,https://iaplc.com/gallery/en/image/preview?prefix=20202&app_id=W006-8389
2020,18,,Ivan Tancler,,Brazil,W014-4134,20202,https://iaplc.com/gallery/en/image/preview?prefix=20202&app_id=W014-4134
2020,19,,Katsuki Tanaka,タナカ カツキ,Japan,J018-8647,20202,https://iaplc.com/gallery/en/image/preview?prefix=20202&app_id=J018-8647
2020,20,,Oleg Matsevich,,Russian Federation,W001-8364,20202,https://iaplc.com/gallery/en/image/preview?prefix=20202&app_id=W001-8364
2020,21,,Adam Paszczela,,Poland,W008-7757,20202,https://iaplc.com/gallery/en/image/preview?prefix=20202&app_id=W008-7757
2020,22,,YOUNG-JU LEE,李煐周,Republic of Korea,W012-2891,20202,https://iaplc.com/gallery/en/image/preview?prefix=20202&app_id=W012-2891
2020,23,,YIH SONG ONG,王 艺 松,Malaysia,W009-3937,20202,https://iaplc.com/gallery/en/image/preview?prefix=20202&app_id=W009-3937
2020,24,,EVE TAN,鸿菱 陈,Singapore,W013-8423,20202,https://iaplc.com/gallery/en/image/preview?prefix=20202&app_id=W013-8423
2020,25,,yi ye,叶毅,People’s Republic of China,W029-3760,20202,https://iaplc.com/gallery/en/image/preview?prefix=20202&app_id=W029-3760
2020,26,,Renan Selingardi do Amaral,,Brazil,W003-5757,20202,https://iaplc.com/gallery/en/image/preview?prefix=20202&app_id=W003-5757
2020,27,,Carlos Guerrero,,Spain,W009-8285,20202,https://iaplc.com/gallery/en/image/preview?prefix=20202&app_id=W009-8285
2020,28,,Eri Tokusashi,徳差 江里,Japan,J015-8777,20202,https://iaplc.com/gallery/en/image/preview?prefix=20202&app_id=J015-8777
2020,29,,LUONG QUOC HUNG,,Vietnam,W009-8672,20202,https://iaplc.com/gallery/en/image/preview?prefix=20202&app_id=W009-8672
2020,30,,Juan fco Aba serra,,Spain,W009-1533,20202,https://iaplc.com/gallery/en/image/preview?prefix=20202&app_id=W009-1533
2020,31,,Febri Aribowo,,Indonesia,W021-6587,20202,https://iaplc.com/gallery/en/image/preview?prefix=20202&app_id=W021-6587
2020,32,,Arthur Sarti de Almeida,,Brazil,W013-3943,20202,https://iaplc.com/gallery/en/image/preview?prefix=20202&app_id=W013-3943
2020,33,,Takayuki Fukada,深田 崇敬,Japan,J024-3458,20202,https://iaplc.com/gallery/en/image/preview?prefix=20202&app_id=J024-3458
2020,34,,Hugo Liao,廖國宏,Chinese Taipei,W000-3297,20202,https://iaplc.com/gallery/en/image/preview?prefix=20202&app_id=W000-3297
2020,35,,Adi Pratama,,Indonesia,W015-6552,20202,https://iaplc.com/gallery/en/image/preview?prefix=20202&app_id=W015-6552
2020,36,,Luis Cardoso,,Portugal,W001-8039,20202,https://iaplc.com/gallery/en/image/preview?prefix=20202&app_id=W001-8039
2020,37,,Thanapat Preeyangkool,,Thailand,W015-3471,20202,https://iaplc.com/gallery/en/image/preview?prefix=20202&app_id=W015-3471
2020,38,,Marçal Galí Bohera,,Spain,W024-1818,20202,https://iaplc.com/gallery/en/image/preview?prefix=20202&app_id=W024-1818
2020,39,,Amir Valadkhani,,Islamic Republic of Iran,W007-9877,20202,https://iaplc.com/gallery/en/image/preview?prefix=20202&app_id=W007-9877
2020,40,,Shin Yoshida,吉田 慎,Japan,J028-7444,20202,https://iaplc.com/gallery/en/image/preview?prefix=20202&app_id=J028-7444
2020,41,,Raúl Gargallo,,Spain,W022-4488,20202,https://iaplc.com/gallery/en/image/preview?prefix=20202&app_id=W022-4488
2020,42,,Thiago Goncalves de Oliveira,,Brazil,W010-0266,20202,https://iaplc.com/gallery/en/image/preview?prefix=20202&app_id=W010-0266
2020,43,,Giuseppe Nisi,,Italy,W017-0192,20202,https://iaplc.com/gallery/en/image/preview?prefix=20202&app_id=W017-0192
2020,44,,Fabricio Rufino de Souza,,Brazil,W022-0042,20202,https://iaplc.com/gallery/en/image/preview?prefix=20202&app_id=W022-0042
2020,45,,Tereza Lazar,,Ukraine,W019-3954,20202,https://iaplc.com/gallery/en/image/preview?prefix=20202&app_id=W019-3954
2020,46,,Julio Nava,,Mexico,W021-2268,20202,https://iaplc.com/gallery/en/image/preview?prefix=20202&app_id=W021-2268
2020,47,,Ming Jiang,姜明,People’s Republic of China,W018-7606,20202,https://iaplc.com/gallery/en/image/preview?prefix=20202&app_id=W018-7606
2020,48,,Martial Hervy,,France,W009-9103,20202,https://iaplc.com/gallery/en/image/preview?prefix=20202&app_id=W009-9103
2020,49,,Tomoaki Ueno,上野 知明,Japan,J026-7458,20202,https://iaplc.com/gallery/en/image/preview?prefix=20202&app_id=J026-7458
2020,50,,Chow Waisun,維新 鄒,"Hong Kong, China",W020-7462,20202,https://iaplc.com/gallery/en/image/preview?prefix=20202&app_id=W020-7462
2020,51,,KONGJUN XING,邢孔军,Singapore,W012-2309,20202,https://iaplc.com/gallery/en/image/preview?prefix=20202&app_id=W012-2309
2020,52,,ka chun yeung,楊家俊,"Hong Kong, China",W002-3721,20202,https://iaplc.com/gallery/en/image/preview?prefix=20202&app_id=W002-3721
2020,53,,JING LIN,林晶,Singapore,W011-2187,20202,https://iaplc.com/gallery/en/image/preview?prefix=20202&app_id=W011-2187
2020,54,,Michal Adamek,,Poland,W016-6913,20202,https://iaplc.com/gallery/en/image/preview?prefix=20202&app_id=W016-6913
2020,55,,Marcelo Takeno,,Brazil,W011-1450,20202,https://iaplc.com/gallery/en/image/preview?prefix=20202&app_id=W011-1450
2020,56,,Javier Lecuna,,Mexico,W016-2604,20202,https://iaplc.com/gallery/en/image/preview?prefix=20202&app_id=W016-2604
2020,57,,Yohei Fujimoto,藤本 洋平,Japan,J021-4777,20202,https://iaplc.com/gallery/en/image/preview?prefix=20202&app_id=J021-4777
2020,58,,Vladimir Tomek,,Czech Republic,W010-5672,20202,https://iaplc.com/gallery/en/image/preview?prefix=20202&app_id=W010-5672
2020,59,,FRANCISCO JOSE PARRAGA GARCIA,,Spain,W023-5948,20202,https://iaplc.com/gallery/en/image/preview?prefix=20202&app_id=W023-5948
2020,60,,qinghui meng,孟庆辉,People’s Republic of China,W012-8360,20202,https://iaplc.com/gallery/en/image/preview?prefix=20202&app_id=W012-8360
2020,61,,Guillermo Barrientos,,Chile,W013-7855,20202,https://iaplc.com/gallery/en/image/preview?prefix=20202&app_id=W013-7855
2020,62,,Hung Tran Chi,,Vietnam,W004-9416,20202,https://iaplc.com/gallery/en/image/preview?prefix=20202&app_id=W004-9416
2020,63,,Primayandi Harmandi Putra,,Indonesia,W016-6895,20202,https://iaplc.com/gallery/en/image/preview?prefix=20202&app_id=W016-6895
2020,64,,Ittipong Deewan,,Thailand,W029-4310,20202,https://iaplc.com/gallery/en/image/preview?prefix=20202&app_id=W029-4310
2020,65,,Jeffrey Miotke,,United States of America,W000-2745,20202,https://iaplc.com/gallery/en/image/preview?prefix=20202&app_id=W000-2745
2020,66,,Adam Votava,,Czech Republic,W026-3791,20202,https://iaplc.com/gallery/en/image/preview?prefix=20202&app_id=W026-3791
2020,67,,王 朋,王 朋,People’s Republic of China,W022-7471,20202,https://iaplc.com/gallery/en/image/preview?prefix=20202&app_id=W022-7471
2020,68,,Tamas Danyiko,,Hungary,W015-3757,20202,https://iaplc.com/gallery/en/image/preview?prefix=20202&app_id=W015-3757
2020,69,,Damien AGRO,,France,W011-7325,20202,https://iaplc.com/gallery/en/image/preview?prefix=20202&app_id=W011-7325
2020,70,,Mamed Rahmad,,Indonesia,W015-7267,20202,https://iaplc.com/gallery/en/image/preview?prefix=20202&app_id=W015-7267
2020,71,,Takuya Maruyama,丸山 卓也,Japan,J022-7487,20202,https://iaplc.com/gallery/en/image/preview?prefix=20202&app_id=J022-7487
2020,72,,tzu jui wang,王子睿,Chinese Taipei,W007-1612,20202,https://iaplc.com/gallery/en/image/preview?prefix=20202&app_id=W007-1612
2020,74,,Chonlatee Jaturonrusmee,,Thailand,W025-4747,20202,https://iaplc.com/gallery/en/image/preview?prefix=20202&app_id=W025-4747
2020,75,,Antonio Fernandez,,Mexico,W006-8499,20202,https://iaplc.com/gallery/en/image/preview?prefix=20202&app_id=W006-8499
2020,76,,Samuel Ferreira,,Portugal,W001-3155,20202,https://iaplc.com/gallery/en/image/preview?prefix=20202&app_id=W001-3155
2020,77,,Nobuyuki Hosokawa,細川 信行,Japan,J020-7491,20202,https://iaplc.com/gallery/en/image/preview?prefix=20202&app_id=J020-7491
2020,78,,Antonio Long Tran Hoang,,Vietnam,W029-4948,20202,https://iaplc.com/gallery/en/image/preview?prefix=20202&app_id=W029-4948
2020,79,,Aya Aoki,青木 あや,Japan,J026-3280,20202,https://iaplc.com/gallery/en/image/preview?prefix=20202&app_id=J026-3280
2020,80,,William Ng,黄伟镇,Singapore,W012-0869,20202,https://iaplc.com/gallery/en/image/preview?prefix=20202&app_id=W012-0869
2020,81,,JOSE ANGEL MADRID,,Spain,W000-0540,20202,https://iaplc.com/gallery/en/image/preview?prefix=20202&app_id=W000-0540
2020,82,,Mikio Yamada,山田 幹夫,Japan,J020-7506,20202,https://iaplc.com/gallery/en/image/preview?prefix=20202&app_id=J020-7506
2020,83,,David Barandiaran,,France,W021-4837,20202,https://iaplc.com/gallery/en/image/preview?prefix=20202&app_id=W021-4837
2020,84,,JACKSON OLIVEIRA,,Brazil,W021-2712,20202,https://iaplc.com/gallery/en/image/preview?prefix=20202&app_id=W021-2712
2020,85,,Yuta Takahagi,高萩 雄大,Japan,J015-0988,20202,https://iaplc.com/gallery/en/image/preview?prefix=20202&app_id=J015-0988
2020,86,,Carlos Souza,,Brazil,W027-2656,20202,https://iaplc.com/gallery/en/image/preview?prefix=20202&app_id=W027-2656
2020,87,,Narto Tan,,Indonesia,W016-4354,20202,https://iaplc.com/gallery/en/image/preview?prefix=20202&app_id=W016-4354
2020,88,,Sei Tomoda,友田 聖,Japan,J006-1661,20202,https://iaplc.com/gallery/en/image/preview?prefix=20202&app_id=J006-1661
2020,89,,Todsaphon​ Wangkanai​,Todsaphon​ Wangkanai​,Thailand,W005-7826,20202,https://iaplc.com/gallery/en/image/preview?prefix=20202&app_id=W005-7826
2020,90,,Maxime Douheret,,France,W007-0329,20202,https://iaplc.com/gallery/en/image/preview?prefix=20202&app_id=W007-0329
2020,91,,flaviu zapartan,,Romania,W009-3051,20202,https://iaplc.com/gallery/en/image/preview?prefix=20202&app_id=W009-3051
2020,92,,detao zhang,张德涛,People’s Republic of China,W008-2392,20202,https://iaplc.com/gallery/en/image/preview?prefix=20202&app_id=W008-2392
2020,93,,Lukasz Ciszkowski,,Poland,W014-6256,20202,https://iaplc.com/gallery/en/image/preview?prefix=20202&app_id=W014-6256
2020,94,,Hironori Handa,半田 浩規,Japan,W020-7518,20202,https://iaplc.com/gallery/en/image/preview?prefix=20202&app_id=W020-7518
2020,95,,Tsutomu Yamazaki,山崎 勉,Japan,J007-9147,20202,https://iaplc.com/gallery/en/image/preview?prefix=20202&app_id=J007-9147
2020,96,,Kenyu Sakai,酒井 けんゆう,Japan,J013-2995,20202,https://iaplc.com/gallery/en/image/preview?prefix=20202&app_id=J013-2995
2020,97,,Rajib Saha,,India,W013-4441,20202,https://iaplc.com/gallery/en/image/preview?prefix=20202&app_id=W013-4441
2020,98,,Kazuya Watanabe,渡邉 和也,Japan,J013-6928,20202,https://iaplc.com/gallery/en/image/preview?prefix=20202&app_id=J013-6928
2020,99,,MANUEL OCAÑA,,Mexico,W013-8120,20202,https://iaplc.com/gallery/en/image/preview?prefix=20202&app_id=W013-8120
2020,100,,André Luiz Rodrigues,,Brazil,W015-1519,20202,https://iaplc.com/gallery/en/image/preview?prefix=20202&app_id=W015-1519
2020,101,,Michael Nguyen,,Australia,W003-3186,20202,https://iaplc.com/gallery/en/image/preview?prefix=20202&app_id=W003-3186
2020,102,,Piotr Topolski,,Poland,W009-3347,20202,https://iaplc.com/gallery/en/image/preview?prefix=20202&app_id=W009-3347
2020,103,,Haruji Takee,武江 春治,Japan,J023-7527,20202,https://iaplc.com/gallery/en/image/preview?prefix=20202&app_id=J023-7527
2020,104,,郁 松井 松井 郁,郁 松井 松井 郁,Japan,J028-4457,20202,https://iaplc.com/gallery/en/image/preview?prefix=20202&app_id=J028-4457
2020,105,,masahiro tayama,田山 勝浩,Japan,J008-0113,20202,https://iaplc.com/gallery/en/image/preview?prefix=20202&app_id=J008-0113
2020,106,,Sebastian Hopf,,Germany,W012-1804,20202,https://iaplc.com/gallery/en/image/preview?prefix=20202&app_id=W012-1804
2020,107,,Dang Duy Khanh,,Vietnam,W018-1080,20202,https://iaplc.com/gallery/en/image/preview?prefix=20202&app_id=W018-1080
2020,108,,Yusuke Inoue,井上 雄介,Japan,J021-4189,20202,https://iaplc.com/gallery/en/image/preview?prefix=20202&app_id=J021-4189
2020,109,,Nguyễn Huỳnh Bích Anh,,Vietnam,W011-1679,20202,https://iaplc.com/gallery/en/image/preview?prefix=20202&app_id=W011-1679
2020,110,,徐 俊苗,徐 俊苗,People’s Republic of China,W020-7536,20202,https://iaplc.com/gallery/en/image/preview?prefix=20202&app_id=W020-7536
2020,111,,Hiroki Hayashi,林 寛貴,Japan,J017-8785,20202,https://iaplc.com/gallery/en/image/preview?prefix=20202&app_id=J017-8785
2020,112,,Emin KARAAHMETOGLU,,Turkey,W001-8016,20202,https://iaplc.com/gallery/en/image/preview?prefix=20202&app_id=W001-8016
2020,113,,Shawn McBride,,United States of America,W010-7478,20202,https://iaplc.com/gallery/en/image/preview?prefix=20202&app_id=W010-7478
2020,114,,atsushi suzuki,鈴木 敦,Japan,J004-8634,20202,https://iaplc.com/gallery/en/image/preview?prefix=20202&app_id=J004-8634
2020,116,,Kenshin Tsutsui,筒井 健心,Japan,J019-4837,20202,https://iaplc.com/gallery/en/image/preview?prefix=20202&app_id=J019-4837
2020,117,,Dario Torassa,,Italy,W004-7035,20202,https://iaplc.com/gallery/en/image/preview?prefix=20202&app_id=W004-7035
2020,118,,Hidekazu Tsukiji,築地 秀和,Japan,J024-7543,20202,https://iaplc.com/gallery/en/image/preview?prefix=20202&app_id=J024-7543
2020,119,,Vera Santos,,Portugal,W022-1871,20202,https://iaplc.com/gallery/en/image/preview?prefix=20202&app_id=W022-1871
2020,120,,Ivan Morales,,Mexico,W023-2585,20202,https://iaplc.com/gallery/en/image/preview?prefix=20202&app_id=W023-2585
2020,121,,Tomu Tsubouchi,坪内 登夢,Japan,J017-3357,20202,https://iaplc.com/gallery/en/image/preview?prefix=20202&app_id=J017-3357
2020,122,,MAKOTO YAMASAKI,山崎 誠,Japan,J008-9524,20202,https://iaplc.com/gallery/en/image/preview?prefix=20202&app_id=J008-9524
2020,123,,李 爽,李 爽,People’s Republic of China,W024-7553,20202,https://iaplc.com/gallery/en/image/preview?prefix=20202&app_id=W024-7553
2020,124,,Kazuho Fujiwara,藤原 一歩,Japan,J029-7562,20202,https://iaplc.com/gallery/en/image/preview?prefix=20202&app_id=J029-7562
2020,125,,ryo iwabuchi,岩渕 凌,Japan,J005-9307,20202,https://iaplc.com/gallery/en/image/preview?prefix=20202&app_id=J005-9307
2020,126,,Gerard Gesali,,Spain,W018-8914,20202,https://iaplc.com/gallery/en/image/preview?prefix=20202&app_id=W018-8914
2020,127,,Hiroaki Yamada,山田 博昭,Japan,J022-7578,20202,https://iaplc.com/gallery/en/image/preview?prefix=20202&app_id=J022-7578
2020,128,,Kazuma Takeuchi,竹内 一馬,Japan,J026-5638,20202,https://iaplc.com/gallery/en/image/preview?prefix=20202&app_id=J026-5638
2020,129,,观富宏,观富宏,People’s Republic of China,W028-3737,20202,https://iaplc.com/gallery/en/image/preview?prefix=20202&app_id=W028-3737
2020,130,,HITOSHI NARUSE,成瀬 仁,Japan,J020-6772,20202,https://iaplc.com/gallery/en/image/preview?prefix=20202&app_id=J020-6772
2020,131,,Futao Jiang,江福桃,People’s Republic of China,W010-4164,20202,https://iaplc.com/gallery/en/image/preview?prefix=20202&app_id=W010-4164
2020,132,,Leandro Cara Artioli,,Brazil,W025-1672,20202,https://iaplc.com/gallery/en/image/preview?prefix=20202&app_id=W025-1672
2020,133,,Rodrigo Vasconcelos,,Brazil,W012-6827,20202,https://iaplc.com/gallery/en/image/preview?prefix=20202&app_id=W012-6827
2020,134,,Jaesun Cho,趙栽善,Republic of Korea,W026-1591,20202,https://iaplc.com/gallery/en/image/preview?prefix=20202&app_id=W026-1591
2020,135,,Lien Hoai Phuc,,Vietnam,W009-0658,20202,https://iaplc.com/gallery/en/image/preview?prefix=20202&app_id=W009-0658
2020,136,,Selcuk DURMAZ,,Turkey,W017-3262,20202,https://iaplc.com/gallery/en/image/preview?prefix=20202&app_id=W017-3262
2020,137,,YOYO PRAYOGI,,Indonesia,W014-3436,20202,https://iaplc.com/gallery/en/image/preview?prefix=20202&app_id=W014-3436
2020,138,,Saddam Herrera,,Mexico,W012-8232,20202,https://iaplc.com/gallery/en/image/preview?prefix=20202&app_id=W012-8232
2020,139,,DouMing Mok,,Canada,W001-6174,20202,https://iaplc.com/gallery/en/image/preview?prefix=20202&app_id=W001-6174
2020,140,,Ricardo Masumoto,,Brazil,W017-5543,20202,https://iaplc.com/gallery/en/image/preview?prefix=20202&app_id=W017-5543
2020,141,,Baba Mika,馬塲 美香,Japan,J024-7722,20202,https://iaplc.com/gallery/en/image/preview?prefix=20202&app_id=J024-7722
2020,142,,Rennier Katigbak,,Philippines,W027-3975,20202,https://iaplc.com/gallery/en/image/preview?prefix=20202&app_id=W027-3975
2020,143,,Masashi Ono,小野 昌志,Japan,J015-8334,20202,https://iaplc.com/gallery/en/image/preview?prefix=20202&app_id=J015-8334
2020,144,,yuebin duan,段月斌,People’s Republic of China,W019-1713,20202,https://iaplc.com/gallery/en/image/preview?prefix=20202&app_id=W019-1713
2020,145,,Jamal Jalu Jalu,,Indonesia,W012-3326,20202,https://iaplc.com/gallery/en/image/preview?prefix=20202&app_id=W012-3326
2020,146,,Kevin Teoh,,Malaysia,W016-0619,20202,https://iaplc.com/gallery/en/image/preview?prefix=20202&app_id=W016-0619
2020,147,,Gustam Gustam,,Indonesia,W029-0536,20202,https://iaplc.com/gallery/en/image/preview?prefix=20202&app_id=W029-0536
2020,148,,Patrik Nemeth,,Hungary,W005-6076,20202,https://iaplc.com/gallery/en/image/preview?prefix=20202&app_id=W005-6076
2020,149,,Nirut Leelayuthsuntorn,,Thailand,W004-4624,20202,https://iaplc.com/gallery/en/image/preview?prefix=20202&app_id=W004-4624
2020,150,,Mark Spaeth,,United States of America,W008-8476,20202,https://iaplc.com/gallery/en/image/preview?prefix=20202&app_id=W008-8476
2020,151,,Rahul Mukherjee,,India,W016-5170,20202,https://iaplc.com/gallery/en/image/preview?prefix=20202&app_id=W016-5170
2020,152,,Joshua Sanjan,,Malaysia,W010-2783,20202,https://iaplc.com/gallery/en/image/preview?prefix=20202&app_id=W010-2783
2020,153,,yi zhou,周逸,People’s Republic of China,W017-8530,20202,https://iaplc.com/gallery/en/image/preview?prefix=20202&app_id=W017-8530
2020,154,,hayeong Choi,최하영,Republic of Korea,W029-5357,20202,https://iaplc.com/gallery/en/image/preview?prefix=20202&app_id=W029-5357
2020,155,,Mizuki Yasuda,保田 瑞基,Japan,J008-4504,20202,https://iaplc.com/gallery/en/image/preview?prefix=20202&app_id=J008-4504
2020,156,,Junichi Itakura,板倉 淳一,Japan,J014-9361,20202,https://iaplc.com/gallery/en/image/preview?prefix=20202&app_id=J014-9361
2020,157,,佳倩 何 何佳倩,佳倩 何 何佳倩,"Hong Kong, China",W002-2594,20202,https://iaplc.com/gallery/en/image/preview?prefix=20202&app_id=W002-2594
2020,158,,ISMAEL AGUILAR SORIA,,Spain,W017-2388,20202,https://iaplc.com/gallery/en/image/preview?prefix=20202&app_id=W017-2388
2020,159,,samuele gamberini,,Italy,W009-6956,20202,https://iaplc.com/gallery/en/image/preview?prefix=20202&app_id=W009-6956
2020,160,,Makoto Saeki,佐伯 誠,Japan,J024-4874,20202,https://iaplc.com/gallery/en/image/preview?prefix=20202&app_id=J024-4874
2020,161,,Matthew Israel Manes,,Philippines,W013-8895,20202,https://iaplc.com/gallery/en/image/preview?prefix=20202&app_id=W013-8895
2020,162,,Vadim Sovkov,,Russian Federation,W006-8703,20202,https://iaplc.com/gallery/en/image/preview?prefix=20202&app_id=W006-8703
2020,163,,Reivan Lee,,Malaysia,W005-4127,20202,https://iaplc.com/gallery/en/image/preview?prefix=20202&app_id=W005-4127
2020,164,,Ismael Figueira,,Portugal,W023-2219,20202,https://iaplc.com/gallery/en/image/preview?prefix=20202&app_id=W023-2219
2020,165,,Hsu Hung Hsiao,蕭旭宏,Chinese Taipei,W001-1274,20202,https://iaplc.com/gallery/en/image/preview?prefix=20202&app_id=W001-1274
2020,166,,Juanito Ilógico,,Spain,W015-7376,20202,https://iaplc.com/gallery/en/image/preview?prefix=20202&app_id=W015-7376
2020,167,,XIAOQING WANG,王晓清,People’s Republic of China,W002-5004,20202,https://iaplc.com/gallery/en/image/preview?prefix=20202&app_id=W002-5004
2020,168,,mirko sacchetto,,Italy,W015-3183,20202,https://iaplc.com/gallery/en/image/preview?prefix=20202&app_id=W015-3183
2020,169,,Nguyen Ngoc Son,,Vietnam,W016-0694,20202,https://iaplc.com/gallery/en/image/preview?prefix=20202&app_id=W016-0694
2020,170,,Keita Kimura,木村 慧大,Japan,J010-3512,20202,https://iaplc.com/gallery/en/image/preview?prefix=20202&app_id=J010-3512
2020,171,,Ali Rezaee,,Islamic Republic of Iran,W015-3893,20202,https://iaplc.com/gallery/en/image/preview?prefix=20202&app_id=W015-3893
2020,172,,Marek Koziorowski,,Poland,W009-1429,20202,https://iaplc.com/gallery/en/image/preview?prefix=20202&app_id=W009-1429
2020,173,,Ryusho Aibara,相原 龍翔,Japan,J003-5100,20202,https://iaplc.com/gallery/en/image/preview?prefix=20202&app_id=J003-5100
2020,174,,Hyoungjoo Jeon,,Republic of Korea,W002-6418,20202,https://iaplc.com/gallery/en/image/preview?prefix=20202&app_id=W002-6418
2020,175,,Laurent Garcia,,France,W022-1217,20202,https://iaplc.com/gallery/en/image/preview?prefix=20202&app_id=W022-1217
2020,176,,Filipe Serrenho,,Portugal,W016-3677,20202,https://iaplc.com/gallery/en/image/preview?prefix=20202&app_id=W016-3677
2020,177,,PUTRA IRAWAN,,Indonesia,W014-6961,20202,https://iaplc.com/gallery/en/image/preview?prefix=20202&app_id=W014-6961
2020,178,,hongjie he,何鸿杰,People’s Republic of China,W010-6806,20202,https://iaplc.com/gallery/en/image/preview?prefix=20202&app_id=W010-6806
2020,179,,Hisayoshi Hori,堀 久嘉,Japan,J026-7584,20202,https://iaplc.com/gallery/en/image/preview?prefix=20202&app_id=J026-7584
2020,180,,Marcin Zając,,Poland,W013-0208,20202,https://iaplc.com/gallery/en/image/preview?prefix=20202&app_id=W013-0208
2020,181,,,,People’s Republic of China,W028-7599,20202,https://iaplc.com/gallery/en/image/preview?prefix=20202&app_id=W028-7599
2020,182,,JINGJING FENG,冯婧婧,People’s Republic of China,W003-8921,20202,https://iaplc.com/gallery/en/image/preview?prefix=20202&app_id=W003-8921
2020,183,,TAKASHI TAKAMI,高見 好志,Japan,J017-4852,20202,https://iaplc.com/gallery/en/image/preview?prefix=20202&app_id=J017-4852
2020,184,,Toshifumi Watanabe,渡邉 俊文,Japan,J011-9824,20202,https://iaplc.com/gallery/en/image/preview?prefix=20202&app_id=J011-9824
2020,185,,Gaurav Singh,,India,W022-4710,20202,https://iaplc.com/gallery/en/image/preview?prefix=20202&app_id=W022-4710
2020,186,,Shu Nishikori,錦織 秀,Japan,J028-5726,20202,https://iaplc.com/gallery/en/image/preview?prefix=20202&app_id=J028-5726
2020,187,,Fernando Satonaka,里中 フェルナンド,Japan,J000-9354,20202,https://iaplc.com/gallery/en/image/preview?prefix=20202&app_id=J000-9354
2020,188,,Choi SeungJin,崔升鎭,Republic of Korea,W004-9979,20202,https://iaplc.com/gallery/en/image/preview?prefix=20202&app_id=W004-9979
2020,189,,Hiroki Akahori,赤堀 祐樹,Japan,J009-7683,20202,https://iaplc.com/gallery/en/image/preview?prefix=20202&app_id=J009-7683
2020,190,,Chung Hin Leung,梁仲軒,"Hong Kong, China",W015-3787,20202,https://iaplc.com/gallery/en/image/preview?prefix=20202&app_id=W015-3787
2020,191,,Quang Minh Nguyen,,Vietnam,W027-6064,20202,https://iaplc.com/gallery/en/image/preview?prefix=20202&app_id=W027-6064
2020,192,,Justin Chan Chan,,Canada,W011-4158,20202,https://iaplc.com/gallery/en/image/preview?prefix=20202&app_id=W011-4158
2020,193,,CHAN HEE BOON,文建喜,Malaysia,W001-2821,20202,https://iaplc.com/gallery/en/image/preview?prefix=20202&app_id=W001-2821
2020,194,,Thomas Oreskov Oreskov,,Denmark,W012-7093,20202,https://iaplc.com/gallery/en/image/preview?prefix=20202&app_id=W012-7093
2020,195,,Xuan Zhao,赵轩,People’s Republic of China,W025-3044,20202,https://iaplc.com/gallery/en/image/preview?prefix=20202&app_id=W025-3044
2020,196,,Sam Harlen,,Australia,W018-0757,20202,https://iaplc.com/gallery/en/image/preview?prefix=20202&app_id=W018-0757
2020,197,,ying wang,王颖,People’s Republic of China,W010-0575,20202,https://iaplc.com/gallery/en/image/preview?prefix=20202&app_id=W010-0575
2020,198,,DENIS ASSAO,,Brazil,W026-1470,20202,https://iaplc.com/gallery/en/image/preview?prefix=20202&app_id=W026-1470
2020,199,,Daisuke Hayashi,林 大典,Japan,J017-4373,20202,https://iaplc.com/gallery/en/image/preview?prefix=20202&app_id=J017-4373
2020,200,,Benjamin Stofferus,,Belgium,W002-8003,20202,https://iaplc.com/gallery/en/image/preview?prefix=20202&app_id=W002-8003
2020,201,,Huy Nguyen Thanh,,Vietnam,W027-1434,20202,https://iaplc.com/gallery/en/image/preview?prefix=20202&app_id=W027-1434
2020,202,,Shinya Kagawa,香川 申也,Japan,J009-9865,20202,https://iaplc.com/gallery/en/image/preview?prefix=20202&app_id=J009-9865
2020,203,,RYO YOSHIDA,吉田 リョウ,Japan,J025-2873,20202,https://iaplc.com/gallery/en/image/preview?prefix=20202&app_id=J025-2873
2020,204,,Gustavo Pimenta,,Brazil,W005-7131,20202,https://iaplc.com/gallery/en/image/preview?prefix=20202&app_id=W005-7131
2020,205,,Yi Lin Li,李易霖,Chinese Taipei,W020-5537,20202,https://iaplc.com/gallery/en/image/preview?prefix=20202&app_id=W020-5537
2020,206,,Jirawong Laopiyasakul,,Thailand,W002-4093,20202,https://iaplc.com/gallery/en/image/preview?prefix=20202&app_id=W002-4093
2020,207,,young hun cho,曺永勳,Republic of Korea,W009-5439,20202,https://iaplc.com/gallery/en/image/preview?prefix=20202&app_id=W009-5439
2020,208,,sejun OH,吳世俊,Republic of Korea,W017-0065,20202,https://iaplc.com/gallery/en/image/preview?prefix=20202&app_id=W017-0065
2020,209,,wichian janjira,,Thailand,W002-8115,20202,https://iaplc.com/gallery/en/image/preview?prefix=20202&app_id=W002-8115
2020,210,,Akihide Yamashita,山下 哲秀,Japan,J023-7607,20202,https://iaplc.com/gallery/en/image/preview?prefix=20202&app_id=J023-7607
2020,211,,BEIBEI ZHANG,张蓓蓓,People’s Republic of China,W002-1932,20202,https://iaplc.com/gallery/en/image/preview?prefix=20202&app_id=W002-1932
2020,212,,jin liang,梁劲,People’s Republic of China,W011-2194,20202,https://iaplc.com/gallery/en/image/preview?prefix=20202&app_id=W011-2194
2020,213,,,,People’s Republic of China,W021-7618,20202,https://iaplc.com/gallery/en/image/preview?prefix=20202&app_id=W021-7618
2020,214,,Jhonny Vanegas,,Colombia,W028-3170,20202,https://iaplc.com/gallery/en/image/preview?prefix=20202&app_id=W028-3170
2020,215,,Fung Cnaig,張峰,Chinese Taipei,W016-3721,20202,https://iaplc.com/gallery/en/image/preview?prefix=20202&app_id=W016-3721
2020,216,,Alexander Termer,,Germany,W020-4918,20202,https://iaplc.com/gallery/en/image/preview?prefix=20202&app_id=W020-4918
2020,217,,DZULFITRI ALI,,Malaysia,W005-9607,20202,https://iaplc.com/gallery/en/image/preview?prefix=20202&app_id=W005-9607
2020,218,,Swee Lim CHEAH,,France,W020-3425,20202,https://iaplc.com/gallery/en/image/preview?prefix=20202&app_id=W020-3425
2020,219,,Radek Nejdl,,Czech Republic,W018-2348,20202,https://iaplc.com/gallery/en/image/preview?prefix=20202&app_id=W018-2348
2020,220,,Masamitsu Kishishita,岸下 雅光,Japan,J027-7622,20202,https://iaplc.com/gallery/en/image/preview?prefix=20202&app_id=J027-7622
2020,221,,GEORGE TILAN,,Malaysia,W015-1379,20202,https://iaplc.com/gallery/en/image/preview?prefix=20202&app_id=W015-1379
2020,222,,Iván Contreras,,Spain,W012-5721,20202,https://iaplc.com/gallery/en/image/preview?prefix=20202&app_id=W012-5721
2020,223,,liwei guan,关利伟,People’s Republic of China,W004-7917,20202,https://iaplc.com/gallery/en/image/preview?prefix=20202&app_id=W004-7917
2020,224,,Thomas Gueguen,,France,W006-7220,20202,https://iaplc.com/gallery/en/image/preview?prefix=20202&app_id=W006-7220
2020,225,,Georg W. Just,,Germany,W011-2446,20202,https://iaplc.com/gallery/en/image/preview?prefix=20202&app_id=W011-2446
2020,226,,,,People’s Republic of China,W026-7635,20202,https://iaplc.com/gallery/en/image/preview?prefix=20202&app_id=W026-7635
2020,227,,CHIEN YU LIN,林建佑,Chinese Taipei,W003-0269,20202,https://iaplc.com/gallery/en/image/preview?prefix=20202&app_id=W003-0269
2020,228,,Khoa Dang Vu Anh,,Vietnam,W029-5648,20202,https://iaplc.com/gallery/en/image/preview?prefix=20202&app_id=W029-5648
2020,229,,Sung Pin Chen,陳松儐,Chinese Taipei,W013-4792,20202,https://iaplc.com/gallery/en/image/preview?prefix=20202&app_id=W013-4792
2020,230,,Fumiya Hirahara,平原 文也,Japan,J017-6439,20202,https://iaplc.com/gallery/en/image/preview?prefix=20202&app_id=J017-6439
2020,231,,weijun Li,黎伟军,People’s Republic of China,W008-7280,20202,https://iaplc.com/gallery/en/image/preview?prefix=20202&app_id=W008-7280
2020,232,,Virgilio Cortes,,Philippines,W004-9509,20202,https://iaplc.com/gallery/en/image/preview?prefix=20202&app_id=W004-9509
2020,233,,DODI INDARTO,,Indonesia,W013-9462,20202,https://iaplc.com/gallery/en/image/preview?prefix=20202&app_id=W013-9462
2020,234,,Lin Li,李林,People’s Republic of China,W014-9627,20202,https://iaplc.com/gallery/en/image/preview?prefix=20202&app_id=W014-9627
2020,235,,Juan Luis Balaguer Marin,,Spain,W022-0656,20202,https://iaplc.com/gallery/en/image/preview?prefix=20202&app_id=W022-0656
2020,236,,Mark Clifton,,Australia,W002-3842,20202,https://iaplc.com/gallery/en/image/preview?prefix=20202&app_id=W002-3842
2020,237,,Hepri Prasetio Harmandi Putra,,Indonesia,W015-6869,20202,https://iaplc.com/gallery/en/image/preview?prefix=20202&app_id=W015-6869
2020,238,,,,People’s Republic of China,W027-7646,20202,https://iaplc.com/gallery/en/image/preview?prefix=20202&app_id=W027-7646
2020,239,,Antonio José Fabero Sánchez,,Spain,W012-5193,20202,https://iaplc.com/gallery/en/image/preview?prefix=20202&app_id=W012-5193
2020,240,,Corentin PORRAL,,France,W014-0399,20202,https://iaplc.com/gallery/en/image/preview?prefix=20202&app_id=W014-0399
2020,241,,Marcos Ceprián,,Spain,W001-7479,20202,https://iaplc.com/gallery/en/image/preview?prefix=20202&app_id=W001-7479
2020,242,,Yu Odajima,小田島 悠,Japan,J003-8225,20202,https://iaplc.com/gallery/en/image/preview?prefix=20202&app_id=J003-8225
2020,243,,Eamon Giles,,Australia,W004-9989,20202,https://iaplc.com/gallery/en/image/preview?prefix=20202&app_id=W004-9989
2020,244,,,,People’s Republic of China,W026-7651,20202,https://iaplc.com/gallery/en/image/preview?prefix=20202&app_id=W026-7651
2020,245,,Shigeru Takitani,滝谷 滋,Japan,J021-7712,20202,https://iaplc.com/gallery/en/image/preview?prefix=20202&app_id=J021-7712
2020,246,,Yuta Takizawa,瀧澤 友太,Japan,J015-1842,20202,https://iaplc.com/gallery/en/image/preview?prefix=20202&app_id=J015-1842
2020,247,,Koji Kogure,小暮 浩司,Japan,J011-9452,20202,https://iaplc.com/gallery/en/image/preview?prefix=20202&app_id=J011-9452
2020,248,,Nurul Hikmah Sigit,,Indonesia,W012-1369,20202,https://iaplc.com/gallery/en/image/preview?prefix=20202&app_id=W012-1369
2020,249,,Yoshito Sone,曽根 誉志人,Japan,J018-0773,20202,https://iaplc.com/gallery/en/image/preview?prefix=20202&app_id=J018-0773
2020,250,,Nam Vu Hoai,,Vietnam,W024-1566,20202,https://iaplc.com/gallery/en/image/preview?prefix=20202&app_id=W024-1566
2020,251,,PRAPAS LAMPHUOC,,Vietnam,W026-3277,20202,https://iaplc.com/gallery/en/image/preview?prefix=20202&app_id=W026-3277
2020,252,,Giuseppe Giammona,,United States of America,W008-7493,20202,https://iaplc.com/gallery/en/image/preview?prefix=20202&app_id=W008-7493
2020,253,,Paco Mir,,Spain,W001-6672,20202,https://iaplc.com/gallery/en/image/preview?prefix=20202&app_id=W001-6672
2020,254,,Trung Phan Thanh,,Vietnam,W025-0613,20202,https://iaplc.com/gallery/en/image/preview?prefix=20202&app_id=W025-0613
2020,255,,Alen Hodzic,,Croatia,W003-2370,20202,https://iaplc.com/gallery/en/image/preview?prefix=20202&app_id=W003-2370
2020,256,,Wei Haun Ho,,Malaysia,W028-2405,20202,https://iaplc.com/gallery/en/image/preview?prefix=20202&app_id=W028-2405
2020,257,,Pawel Mielniczek,,Poland,W018-2480,20202,https://iaplc.com/gallery/en/image/preview?prefix=20202&app_id=W018-2480
2020,258,,Marzena Płachno,,Poland,W018-0250,20202,https://iaplc.com/gallery/en/image/preview?prefix=20202&app_id=W018-0250
2020,259,,Narongrit Dantragoon,,Thailand,W009-9534,20202,https://iaplc.com/gallery/en/image/preview?prefix=20202&app_id=W009-9534
2020,260,,Masamitsu Suemura,末村 将光,Japan,J027-7665,20202,https://iaplc.com/gallery/en/image/preview?prefix=20202&app_id=J027-7665
2020,261,,Manish Sharma,,India,W000-6899,20202,https://iaplc.com/gallery/en/image/preview?prefix=20202&app_id=W000-6899
2020,262,,Andreas Ruppert-Flerlage,,Germany,W015-5613,20202,https://iaplc.com/gallery/en/image/preview?prefix=20202&app_id=W015-5613
2020,263,,Minh Toan Nguyen,,Vietnam,W015-0707,20202,https://iaplc.com/gallery/en/image/preview?prefix=20202&app_id=W015-0707
2020,264,,Eakthanat Isarathikul,,Thailand,W013-4254,20202,https://iaplc.com/gallery/en/image/preview?prefix=20202&app_id=W013-4254
2020,265,,FANG HAO WANG,王方豪,Chinese Taipei,W014-3845,20202,https://iaplc.com/gallery/en/image/preview?prefix=20202&app_id=W014-3845
2020,266,,lol wei woon,溫羅偉,Malaysia,W008-6545,20202,https://iaplc.com/gallery/en/image/preview?prefix=20202&app_id=W008-6545
2020,267,,Alexander Maletin,,Russian Federation,W014-2157,20202,https://iaplc.com/gallery/en/image/preview?prefix=20202&app_id=W014-2157
2020,268,,Lukas Dolezal,,Czech Republic,W021-6656,20202,https://iaplc.com/gallery/en/image/preview?prefix=20202&app_id=W021-6656
2020,269,,Toni Barrena,,Spain,W011-0415,20202,https://iaplc.com/gallery/en/image/preview?prefix=20202&app_id=W011-0415
2020,270,,,,People’s Republic of China,W028-7676,20202,https://iaplc.com/gallery/en/image/preview?prefix=20202&app_id=W028-7676
2020,271,,Yanjun Sun,孙彦军,People’s Republic of China,W018-0323,20202,https://iaplc.com/gallery/en/image/preview?prefix=20202&app_id=W018-0323
2020,272,,Chan Fei Lao,劉振飛,"Macau, China",W011-4891,20202,https://iaplc.com/gallery/en/image/preview?prefix=20202&app_id=W011-4891
2020,273,,Nguyen Thi Diem Phuc,,Vietnam,W015-7515,20202,https://iaplc.com/gallery/en/image/preview?prefix=20202&app_id=W015-7515
2020,274,,Aleksandrs Komarnickis,,Latvia,W012-4007,20202,https://iaplc.com/gallery/en/image/preview?prefix=20202&app_id=W012-4007
2020,275,,Dale Gonzales,,Philippines,W014-0516,20202,https://iaplc.com/gallery/en/image/preview?prefix=20202&app_id=W014-0516
2020,276,,Sreeja Bannerji,,India,W010-4361,20202,https://iaplc.com/gallery/en/image/preview?prefix=20202&app_id=W010-4361
2020,277,,jungwoo yoo,유정우,Republic of Korea,W003-6291,20202,https://iaplc.com/gallery/en/image/preview?prefix=20202&app_id=W003-6291
2020,278,,José Pericás,,Spain,W028-1354,20202,https://iaplc.com/gallery/en/image/preview?prefix=20202&app_id=W028-1354
2020,279,,Tung Nguyen Minh,,Vietnam,W016-0292,20202,https://iaplc.com/gallery/en/image/preview?prefix=20202&app_id=W016-0292
2020,280,,Tri Ton,,Vietnam,W002-7306,20202,https://iaplc.com/gallery/en/image/preview?prefix=20202&app_id=W002-7306
2020,281,,Dmitry Parshin,,Russian Federation,W003-6944,20202,https://iaplc.com/gallery/en/image/preview?prefix=20202&app_id=W003-6944
2020,282,,Thierry Fischbach,,France,W009-4695,20202,https://iaplc.com/gallery/en/image/preview?prefix=20202&app_id=W009-4695
2020,283,,,,People’s Republic of China,W028-7681,20202,https://iaplc.com/gallery/en/image/preview?prefix=20202&app_id=W028-7681
2020,284,,Conrado Bergundo,,Philippines,W012-1398,20202,https://iaplc.com/gallery/en/image/preview?prefix=20202&app_id=W012-1398
2020,285,,Tomaz Minatti,,Brazil,W028-5977,20202,https://iaplc.com/gallery/en/image/preview?prefix=20202&app_id=W028-5977
2020,286,,NAI HSUAN CHENG,鄭乃瑄,Chinese Taipei,W010-4612,20202,https://iaplc.com/gallery/en/image/preview?prefix=20202&app_id=W010-4612
2020,287,,tae gi yoon,윤태기,Republic of Korea,W012-3345,20202,https://iaplc.com/gallery/en/image/preview?prefix=20202&app_id=W012-3345
2020,288,,Jean-Christophe GROSSET,,France,W011-3118,20202,https://iaplc.com/gallery/en/image/preview?prefix=20202&app_id=W011-3118
2020,289,,Roger Wong,,Singapore,W000-8777,20202,https://iaplc.com/gallery/en/image/preview?prefix=20202&app_id=W000-8777
2020,290,,Suguru Yorimitsu,依光 卓,Japan,J015-9127,20202,https://iaplc.com/gallery/en/image/preview?prefix=20202&app_id=J015-9127
2020,291,,Kenichi Uejima,上島 健一,Japan,J015-1978,20202,https://iaplc.com/gallery/en/image/preview?prefix=20202&app_id=J015-1978
2020,292,,Laith Husseini,,Jordan,W011-0560,20202,https://iaplc.com/gallery/en/image/preview?prefix=20202&app_id=W011-0560
2020,293,,ARTHUR CHUNG,庄炜得,Singapore,W007-8993,20202,https://iaplc.com/gallery/en/image/preview?prefix=20202&app_id=W007-8993
2020,294,,Naoto Doi,土井 直人,Japan,J006-1922,20202,https://iaplc.com/gallery/en/image/preview?prefix=20202&app_id=J006-1922
2020,295,,Szilvia Szalai,,Hungary,W002-2859,20202,https://iaplc.com/gallery/en/image/preview?prefix=20202&app_id=W002-2859
2020,296,,Ryan Seymour,,United States of America,W005-7768,20202,https://iaplc.com/gallery/en/image/preview?prefix=20202&app_id=W005-7768
2020,297,,CHANGHO AHN,,Republic of Korea,W024-4176,20202,https://iaplc.com/gallery/en/image/preview?prefix=20202&app_id=W024-4176
2020,298,,SHUO-WEI LIN,林碩葳,Chinese Taipei,W029-5311,20202,https://iaplc.com/gallery/en/image/preview?prefix=20202&app_id=W029-5311
2020,299,,Sandra Quiroga,,Colombia,W016-5667,20202,https://iaplc.com/gallery/en/image/preview?prefix=20202&app_id=W016-5667
2020,300,,Kai Sun,孙凯,People’s Republic of China,W026-5543,20202,https://iaplc.com/gallery/en/image/preview?prefix=20202&app_id=W026-5543
2020,301,,Nicolae Adrian Iosif,,Romania,W013-4758,20202,https://iaplc.com/gallery/en/image/preview?prefix=20202&app_id=W013-4758
2020,302,,Edrian Espiritu,,Philippines,W009-5202,20202,https://iaplc.com/gallery/en/image/preview?prefix=20202&app_id=W009-5202
2020,303,,Rodolfo Lopez,,Chile,W013-8384,20202,https://iaplc.com/gallery/en/image/preview?prefix=20202&app_id=W013-8384
2020,304,,Hisashi Onoue,尾上 久志,Japan,J000-4674,20202,https://iaplc.com/gallery/en/image/preview?prefix=20202&app_id=J000-4674
2020,305,,George Farmer,,Great Britain,W024-4039,20202,https://iaplc.com/gallery/en/image/preview?prefix=20202&app_id=W024-4039
2020,306,,rui zhao,赵瑞,People’s Republic of China,W003-7649,20202,https://iaplc.com/gallery/en/image/preview?prefix=20202&app_id=W003-7649
2020,307,,,,People’s Republic of China,W025-7697,20202,https://iaplc.com/gallery/en/image/preview?prefix=20202&app_id=W025-7697
2020,308,,Rafael Smet,,Czech Republic,W020-3923,20202,https://iaplc.com/gallery/en/image/preview?prefix=20202&app_id=W020-3923
2020,309,,Udin Roy,,Indonesia,W008-1253,20202,https://iaplc.com/gallery/en/image/preview?prefix=20202&app_id=W008-1253
2020,310,,Miguel Ángel Martínez Jareno,,Spain,W021-1073,20202,https://iaplc.com/gallery/en/image/preview?prefix=20202&app_id=W021-1073
2020,311,,karine surget,,France,W014-1316,20202,https://iaplc.com/gallery/en/image/preview?prefix=20202&app_id=W014-1316
2020,312,,Samurdha Manthila,,Sri Lanka,W009-9020,20202,https://iaplc.com/gallery/en/image/preview?prefix=20202&app_id=W009-9020
2020,313,,Binh Duong Chi,,Vietnam,W016-1922,20202,https://iaplc.com/gallery/en/image/preview?prefix=20202&app_id=W016-1922
2020,314,,kenji yamada,山田 健司,Japan,J018-1174,20202,https://iaplc.com/gallery/en/image/preview?prefix=20202&app_id=J018-1174
2020,315,,Yasuyuki Hasegawa,長谷川 康之,Japan,J029-7702,20202,https://iaplc.com/gallery/en/image/preview?prefix=20202&app_id=J029-7702
2020,316,,Walid AlMowaqet,,Jordan,W012-1553,20202,https://iaplc.com/gallery/en/image/preview?prefix=20202&app_id=W012-1553
2020,317,,Tomo Mitani,三谷 朋,Japan,J004-6701,20202,https://iaplc.com/gallery/en/image/preview?prefix=20202&app_id=J004-6701
2020,318,,Oleg Krachkovskiy,,Ukraine,W010-4941,20202,https://iaplc.com/gallery/en/image/preview?prefix=20202&app_id=W010-4941
2020,319,,BRUNA ANDRADE,,Brazil,W013-1264,20202,https://iaplc.com/gallery/en/image/preview?prefix=20202&app_id=W013-1264
2020,320,,Songkarn Buntanjin,,Thailand,W017-1155,20202,https://iaplc.com/gallery/en/image/preview?prefix=20202&app_id=W017-1155
2020,321,,Bachrum abdi negara,,Indonesia,W005-5025,20202,https://iaplc.com/gallery/en/image/preview?prefix=20202&app_id=W005-5025
2020,322,,Fabio Bassetto,,Italy,W014-8144,20202,https://iaplc.com/gallery/en/image/preview?prefix=20202&app_id=W014-8144
2020,323,,Aliaksei Kirhizau,,Belarus,W022-3551,20202,https://iaplc.com/gallery/en/image/preview?prefix=20202&app_id=W022-3551
2020,324,,Torben kondrup,,Denmark,W019-1415,20202,https://iaplc.com/gallery/en/image/preview?prefix=20202&app_id=W019-1415
2020,325,,Johannes Schreck,,Germany,W011-0538,20202,https://iaplc.com/gallery/en/image/preview?prefix=20202&app_id=W011-0538
2020,326,,jiancong liang,梁健聪,People’s Republic of China,W002-6826,20202,https://iaplc.com/gallery/en/image/preview?prefix=20202&app_id=W002-6826
2020,327,,Alam Tjahya Utomo Muljani,,Indonesia,W004-4935,20202,https://iaplc.com/gallery/en/image/preview?prefix=20202&app_id=W004-4935
2019,1,,Josh Sim,,Malaysia,W108-3767,20192,https://iaplc.com/gallery/en/image/preview?prefix=20192&app_id=W108-3767
2019,2,,Takayuki Fukada,深田 崇敬,Japan,J119-4501,20192,https://iaplc.com/gallery/en/image/preview?prefix=20192&app_id=J119-4501
2019,3,,富宏 观 观富宏,富宏 观 观富宏,People’s Republic of China,W119-5588,20192,https://iaplc.com/gallery/en/image/preview?prefix=20192&app_id=W119-5588
2019,4,,Martial Hervy,,France,W100-7706,20192,https://iaplc.com/gallery/en/image/preview?prefix=20192&app_id=W100-7706
2019,5,,Siak Wee Yeo,,Malaysia,W105-8957,20192,https://iaplc.com/gallery/en/image/preview?prefix=20192&app_id=W105-8957
2019,6,,quangminh nguyen,,Vietnam,W117-8899,20192,https://iaplc.com/gallery/en/image/preview?prefix=20192&app_id=W117-8899
2019,7,,qi Zhang,张琪,People’s Republic of China,W117-0015,20192,https://iaplc.com/gallery/en/image/preview?prefix=20192&app_id=W117-0015
2019,8,,Javier Lecuna,,Mexico,W111-0940,20192,https://iaplc.com/gallery/en/image/preview?prefix=20192&app_id=W111-0940
2019,9,,Hironori Handa,半田 浩規,Japan,J129-0066,20192,https://iaplc.com/gallery/en/image/preview?prefix=20192&app_id=J129-0066
2019,10,,putra irawan,,Indonesia,W112-8504,20192,https://iaplc.com/gallery/en/image/preview?prefix=20192&app_id=W112-8504
2019,11,,Albert Escrihuela Cáceres,,Spain,W102-7011,20192,https://iaplc.com/gallery/en/image/preview?prefix=20192&app_id=W102-7011
2019,12,,Michael REINKE,,France,W114-1661,20192,https://iaplc.com/gallery/en/image/preview?prefix=20192&app_id=W114-1661
2019,13,,Adam Paszczela,,Poland,W109-5480,20192,https://iaplc.com/gallery/en/image/preview?prefix=20192&app_id=W109-5480
2019,14,,Nobphacha Yimyou,,Thailand,W108-6549,20192,https://iaplc.com/gallery/en/image/preview?prefix=20192&app_id=W108-6549
2019,15,,Steven Chong,,United States of America,W106-6471,20192,https://iaplc.com/gallery/en/image/preview?prefix=20192&app_id=W106-6471
2019,16,,Jirawong Laopiyasakul,,Thailand,W102-3433,20192,https://iaplc.com/gallery/en/image/preview?prefix=20192&app_id=W102-3433
2019,17,,Pissarro Wong Wong Wai Keung,,"Hong Kong, China",W117-4993,20192,https://iaplc.com/gallery/en/image/preview?prefix=20192&app_id=W117-4993
2019,18,,Koji Kogure,小暮 浩司,Japan,J118-6737,20192,https://iaplc.com/gallery/en/image/preview?prefix=20192&app_id=J118-6737
2019,19,,jing xue luo,罗竞学,People’s Republic of China,W111-7972,20192,https://iaplc.com/gallery/en/image/preview?prefix=20192&app_id=W111-7972
2019,20,,Fabricio Rufino de Souza,,Brazil,W117-5617,20192,https://iaplc.com/gallery/en/image/preview?prefix=20192&app_id=W117-5617
2019,21,,Hung Tran Chi,,Vietnam,W116-0415,20192,https://iaplc.com/gallery/en/image/preview?prefix=20192&app_id=W116-0415
2019,22,,Jose Sánchez,,Spain,W115-8947,20192,https://iaplc.com/gallery/en/image/preview?prefix=20192&app_id=W115-8947
2019,24,,Akihiro Yamaga,山賀 明宏,Japan,J126-0126,20192,https://iaplc.com/gallery/en/image/preview?prefix=20192&app_id=J126-0126
2019,25,,Thiago Goncalves de Oliveira,,Brazil,W113-3038,20192,https://iaplc.com/gallery/en/image/preview?prefix=20192&app_id=W113-3038
2019,26,,Nigel Hoevenaar,,Netherlands,W102-6759,20192,https://iaplc.com/gallery/en/image/preview?prefix=20192&app_id=W102-6759
2019,27,,yongming zhang,张永明,People’s Republic of China,W109-1565,20192,https://iaplc.com/gallery/en/image/preview?prefix=20192&app_id=W109-1565
2019,28,,Jheng Yu Lyu,呂政育,Chinese Taipei,W107-9379,20192,https://iaplc.com/gallery/en/image/preview?prefix=20192&app_id=W107-9379
2019,29,,Raúl Gargallo Marí,,Spain,W118-0979,20192,https://iaplc.com/gallery/en/image/preview?prefix=20192&app_id=W118-0979
2019,30,,Fabian Kussakawa,,Brazil,W117-6993,20192,https://iaplc.com/gallery/en/image/preview?prefix=20192&app_id=W117-6993
2019,31,,Jin Liang,梁劲,People’s Republic of China,W109-4297,20192,https://iaplc.com/gallery/en/image/preview?prefix=20192&app_id=W109-4297
2019,32,,chao wang,王超,People’s Republic of China,W118-8099,20192,https://iaplc.com/gallery/en/image/preview?prefix=20192&app_id=W118-8099
2019,33,,Luis Carlos Galarraga,,Brazil,W111-5841,20192,https://iaplc.com/gallery/en/image/preview?prefix=20192&app_id=W111-5841
2019,34,,YOYO PRAYOGI,,Indonesia,W114-6810,20192,https://iaplc.com/gallery/en/image/preview?prefix=20192&app_id=W114-6810
2019,35,,Kazuyoshi Kawata,川田 和由,Japan,J112-9995,20192,https://iaplc.com/gallery/en/image/preview?prefix=20192&app_id=J112-9995
2019,36,,Indra Bob Wijaya,,Indonesia,W102-9511,20192,https://iaplc.com/gallery/en/image/preview?prefix=20192&app_id=W102-9511
2019,37,,Chi Jui Lee,李啓瑞,Chinese Taipei,W109-5727,20192,https://iaplc.com/gallery/en/image/preview?prefix=20192&app_id=W109-5727
2019,38,,Shin Yoshida,吉田 慎,Japan,J125-0147,20192,https://iaplc.com/gallery/en/image/preview?prefix=20192&app_id=J125-0147
2019,39,,ROGER GOH,,Singapore,W113-0299,20192,https://iaplc.com/gallery/en/image/preview?prefix=20192&app_id=W113-0299
2019,41,,JUAN PUCHADES RUFINO,,Spain,W100-5240,20192,https://iaplc.com/gallery/en/image/preview?prefix=20192&app_id=W100-5240
2019,42,,John Pini,,United States of America,W111-3316,20192,https://iaplc.com/gallery/en/image/preview?prefix=20192&app_id=W111-3316
2019,43,,Hiroaki Kanzaki,神﨑 浩彰,Japan,J111-9921,20192,https://iaplc.com/gallery/en/image/preview?prefix=20192&app_id=J111-9921
2019,44,,Tomomasa Ohba,大庭 友正,Japan,J102-5316,20192,https://iaplc.com/gallery/en/image/preview?prefix=20192&app_id=J102-5316
2019,45,,Tomoaki Ueno,上野 知明,Japan,J129-0024,20192,https://iaplc.com/gallery/en/image/preview?prefix=20192&app_id=J129-0024
2019,46,,Maurizio Acquati,,Italy,W106-5560,20192,https://iaplc.com/gallery/en/image/preview?prefix=20192&app_id=W106-5560
2019,47,,Ludo BOURDIN BOURDIN,,France,W108-8711,20192,https://iaplc.com/gallery/en/image/preview?prefix=20192&app_id=W108-8711
2019,48,,Miguel Ángel García Ángel,,Spain,W119-5929,20192,https://iaplc.com/gallery/en/image/preview?prefix=20192&app_id=W119-5929
2019,49,,Gaurav Singh,,India,W111-6126,20192,https://iaplc.com/gallery/en/image/preview?prefix=20192&app_id=W111-6126
2019,50,,Debraj Ghosh,,India,W108-2776,20192,https://iaplc.com/gallery/en/image/preview?prefix=20192&app_id=W108-2776
2019,51,,FRANCISCO JOSE PARRAGA GARCIA,,Spain,W108-7282,20192,https://iaplc.com/gallery/en/image/preview?prefix=20192&app_id=W108-7282
2019,52,,BEIBEI ZHANG,张蓓蓓,People’s Republic of China,W108-2124,20192,https://iaplc.com/gallery/en/image/preview?prefix=20192&app_id=W108-2124
2019,53,,Luong Quoc Hung,,Vietnam,W104-9152,20192,https://iaplc.com/gallery/en/image/preview?prefix=20192&app_id=W104-9152
2019,54,,Eakthanat Isarathikul,,Thailand,W103-7291,20192,https://iaplc.com/gallery/en/image/preview?prefix=20192&app_id=W103-7291
2019,55,,Marçal Gali Bohera,,Spain,W106-9644,20192,https://iaplc.com/gallery/en/image/preview?prefix=20192&app_id=W106-9644
2019,56,,Kai Wai Chen,陳佳懷,"Hong Kong, China",W111-1603,20192,https://iaplc.com/gallery/en/image/preview?prefix=20192&app_id=W111-1603
2019,57,,yoseph go,,Indonesia,W116-2026,20192,https://iaplc.com/gallery/en/image/preview?prefix=20192&app_id=W116-2026
2019,58,,Jeffry Christian,,Indonesia,W103-7355,20192,https://iaplc.com/gallery/en/image/preview?prefix=20192&app_id=W103-7355
2019,59,,Minh Toan Nguyen,,Vietnam,W108-7270,20192,https://iaplc.com/gallery/en/image/preview?prefix=20192&app_id=W108-7270
2019,60,,Hiroki Akahori,赤堀 祐樹,Japan,J101-9462,20192,https://iaplc.com/gallery/en/image/preview?prefix=20192&app_id=J101-9462
2019,61,,Fernando Francischelli,,Brazil,W112-2087,20192,https://iaplc.com/gallery/en/image/preview?prefix=20192&app_id=W112-2087
2019,62,,Hiroki Takaishi,高石 浩貴,Japan,J113-2219,20192,https://iaplc.com/gallery/en/image/preview?prefix=20192&app_id=J113-2219
2019,63,,Mikio Yamada,山田 幹夫,Japan,J120-0130,20192,https://iaplc.com/gallery/en/image/preview?prefix=20192&app_id=J120-0130
2019,64,,David Barandiaran,,France,W112-5982,20192,https://iaplc.com/gallery/en/image/preview?prefix=20192&app_id=W112-5982
2019,65,,Thierry Fischbach,,France,W109-4339,20192,https://iaplc.com/gallery/en/image/preview?prefix=20192&app_id=W109-4339
2019,66,,Jaesun Cho,趙栽善,Republic of Korea,W119-4059,20192,https://iaplc.com/gallery/en/image/preview?prefix=20192&app_id=W119-4059
2019,67,,yosinobu yamaguchi,山口 欣信,Japan,J117-4283,20192,https://iaplc.com/gallery/en/image/preview?prefix=20192&app_id=J117-4283
2019,68,,Shintaro Sekiguchi,関口 信太郎,Japan,J107-7916,20192,https://iaplc.com/gallery/en/image/preview?prefix=20192&app_id=J107-7916
2019,69,,Damien AGRO,,France,W117-1883,20192,https://iaplc.com/gallery/en/image/preview?prefix=20192&app_id=W117-1883
2019,70,,Hyoungjoo Jeon,,Republic of Korea,W101-8785,20192,https://iaplc.com/gallery/en/image/preview?prefix=20192&app_id=W101-8785
2019,71,,Huy Nguyen Thanh,,Vietnam,W103-5131,20192,https://iaplc.com/gallery/en/image/preview?prefix=20192&app_id=W103-5131
2019,72,,Yoichi Yamamoto,山本 陽一,Japan,J111-2579,20192,https://iaplc.com/gallery/en/image/preview?prefix=20192&app_id=J111-2579
2019,73,,katsuki tanaka,タナカ カツキ,Japan,J115-3486,20192,https://iaplc.com/gallery/en/image/preview?prefix=20192&app_id=J115-3486
2019,74,,Mamed Rahmad,,Indonesia,W113-2714,20192,https://iaplc.com/gallery/en/image/preview?prefix=20192&app_id=W113-2714
2019,75,,Jean-Christophe Grosset,,France,W105-8622,20192,https://iaplc.com/gallery/en/image/preview?prefix=20192&app_id=W105-8622
2019,76,,Marcelo Takeno,,Brazil,W111-4279,20192,https://iaplc.com/gallery/en/image/preview?prefix=20192&app_id=W111-4279
2019,77,,Kevin Teoh,,Malaysia,W117-3290,20192,https://iaplc.com/gallery/en/image/preview?prefix=20192&app_id=W117-3290
2019,78,,My Duyen Diep,,Vietnam,W115-8026,20192,https://iaplc.com/gallery/en/image/preview?prefix=20192&app_id=W115-8026
2019,79,,Rogerio Ferreira,,Brazil,W114-6260,20192,https://iaplc.com/gallery/en/image/preview?prefix=20192&app_id=W114-6260
2019,80,,Long Tran Hoang,,Vietnam,W117-8359,20192,https://iaplc.com/gallery/en/image/preview?prefix=20192&app_id=W117-8359
2019,81,,Masashi Ono,小野 昌志,Japan,J106-8318,20192,https://iaplc.com/gallery/en/image/preview?prefix=20192&app_id=J106-8318
2019,82,,Junichi Itakura,板倉 淳一,Japan,J109-7137,20192,https://iaplc.com/gallery/en/image/preview?prefix=20192&app_id=J109-7137
2019,83,,Luis Cardoso,,Portugal,W117-1992,20192,https://iaplc.com/gallery/en/image/preview?prefix=20192&app_id=W117-1992
2019,85,,ARIF SANTOSA,,Indonesia,W117-0147,20192,https://iaplc.com/gallery/en/image/preview?prefix=20192&app_id=W117-0147
2019,86,,Alexander Maletin,,Russian Federation,W113-3982,20192,https://iaplc.com/gallery/en/image/preview?prefix=20192&app_id=W113-3982
2019,87,,Marcos Ceprián González,,Spain,W105-5278,20192,https://iaplc.com/gallery/en/image/preview?prefix=20192&app_id=W105-5278
2019,88,,Eri Tokusashi,徳差 江里,Japan,J118-3933,20192,https://iaplc.com/gallery/en/image/preview?prefix=20192&app_id=J118-3933
2019,89,,William Ng,,Singapore,W108-9260,20192,https://iaplc.com/gallery/en/image/preview?prefix=20192&app_id=W108-9260
2019,90,,Rennier Recio Katigbak,,Philippines,W101-2768,20192,https://iaplc.com/gallery/en/image/preview?prefix=20192&app_id=W101-2768
2019,91,,Kevin Tan,,Qatar,W108-7843,20192,https://iaplc.com/gallery/en/image/preview?prefix=20192&app_id=W108-7843
2019,92,,Aya Aoki,青木 あや,Japan,J113-1915,20192,https://iaplc.com/gallery/en/image/preview?prefix=20192&app_id=J113-1915
2019,93,,changho Ahn,,Republic of Korea,W113-8239,20192,https://iaplc.com/gallery/en/image/preview?prefix=20192&app_id=W113-8239
2019,94,,Renan Selingardi do Amaral,,Brazil,W119-2454,20192,https://iaplc.com/gallery/en/image/preview?prefix=20192&app_id=W119-2454
2019,95,,Sho Tabata,田畑 翔,Japan,J114-4266,20192,https://iaplc.com/gallery/en/image/preview?prefix=20192&app_id=J114-4266
2019,96,,Sebastian Hopf,,Germany,W109-6131,20192,https://iaplc.com/gallery/en/image/preview?prefix=20192&app_id=W109-6131
2019,97,,DODI INDARTO,,Indonesia,W118-0515,20192,https://iaplc.com/gallery/en/image/preview?prefix=20192&app_id=W118-0515
2019,98,,Ivan Tancler,,Brazil,W119-5568,20192,https://iaplc.com/gallery/en/image/preview?prefix=20192&app_id=W119-5568
2019,99,,Noboru Okina,翁 昇,Japan,J111-9942,20192,https://iaplc.com/gallery/en/image/preview?prefix=20192&app_id=J111-9942
2019,100,,Manish Sharma,,India,W100-0641,20192,https://iaplc.com/gallery/en/image/preview?prefix=20192&app_id=W100-0641
2019,101,,Mika Baba,馬塲 美香,Japan,J121-0070,20192,https://iaplc.com/gallery/en/image/preview?prefix=20192&app_id=J121-0070
2019,102,,Atsushi Suzuki,鈴木 敦,Japan,J119-9880,20192,https://iaplc.com/gallery/en/image/preview?prefix=20192&app_id=J119-9880
2019,103,,Richard Jimnez Romero,,Spain,W119-3950,20192,https://iaplc.com/gallery/en/image/preview?prefix=20192&app_id=W119-3950
2019,104,,Leonardo Gnandt,,Brazil,W114-4710,20192,https://iaplc.com/gallery/en/image/preview?prefix=20192&app_id=W114-4710
2019,105,,Yohei Fujimoto,藤本 洋平,Japan,J100-8174,20192,https://iaplc.com/gallery/en/image/preview?prefix=20192&app_id=J100-8174
2019,106,,Chih Chieh Kuo,郭峙榤,Chinese Taipei,W108-9474,20192,https://iaplc.com/gallery/en/image/preview?prefix=20192&app_id=W108-9474
2019,107,,Laurent Garcia,,France,W116-5829,20192,https://iaplc.com/gallery/en/image/preview?prefix=20192&app_id=W116-5829
2019,108,,Kazuya Watanabe,渡邉 和也,Japan,J128-0119,20192,https://iaplc.com/gallery/en/image/preview?prefix=20192&app_id=J128-0119
2019,109,,Erick Alonso Mendoza ortega,,Mexico,W111-6957,20192,https://iaplc.com/gallery/en/image/preview?prefix=20192&app_id=W111-6957
2019,110,,Juanito Ilógico,,Spain,W108-6597,20192,https://iaplc.com/gallery/en/image/preview?prefix=20192&app_id=W108-6597
2019,111,,SOURASIS DAS,,India,W100-4136,20192,https://iaplc.com/gallery/en/image/preview?prefix=20192&app_id=W100-4136
2019,113,,Alejandro Meneses,,Mexico,W119-3015,20192,https://iaplc.com/gallery/en/image/preview?prefix=20192&app_id=W119-3015
2019,114,,Yanjun Sun,孙彦军,People’s Republic of China,W101-7033,20192,https://iaplc.com/gallery/en/image/preview?prefix=20192&app_id=W101-7033
2019,115,,JinHong Hung,黄锦洪,People’s Republic of China,W113-7018,20192,https://iaplc.com/gallery/en/image/preview?prefix=20192&app_id=W113-7018
2019,116,,Alfredo Martin,,Spain,W106-6191,20192,https://iaplc.com/gallery/en/image/preview?prefix=20192&app_id=W106-6191
2019,118,,Oleg Krachkovskiy,,Ukraine,W107-4617,20192,https://iaplc.com/gallery/en/image/preview?prefix=20192&app_id=W107-4617
2019,119,,Radek Nejdl,,Czech Republic,W105-3886,20192,https://iaplc.com/gallery/en/image/preview?prefix=20192&app_id=W105-3886
2019,120,,Juan fco Aba serra,,Spain,W109-4915,20192,https://iaplc.com/gallery/en/image/preview?prefix=20192&app_id=W109-4915
2019,121,,Nam Phan,,Vietnam,W110-1310,20192,https://iaplc.com/gallery/en/image/preview?prefix=20192&app_id=W110-1310
2019,122,,Li  Hong Cheng,程力宏,People’s Republic of China,W109-4966,20192,https://iaplc.com/gallery/en/image/preview?prefix=20192&app_id=W109-4966
2019,123,,Mark Clifton,,Australia,W113-0077,20192,https://iaplc.com/gallery/en/image/preview?prefix=20192&app_id=W113-0077
2019,124,,simone castagnoli,,Italy,W116-4410,20192,https://iaplc.com/gallery/en/image/preview?prefix=20192&app_id=W116-4410
2019,125,,Manuel Losada Montesinos,,Spain,W114-2733,20192,https://iaplc.com/gallery/en/image/preview?prefix=20192&app_id=W114-2733
2019,126,,Jurijs Jutjajevs Jurijs Jutjajevs,,Germany,W113-8228,20192,https://iaplc.com/gallery/en/image/preview?prefix=20192&app_id=W113-8228
2019,127,,Dario Torassa,,Italy,W103-9718,20192,https://iaplc.com/gallery/en/image/preview?prefix=20192&app_id=W103-9718
2019,128,,Carlos Souza,,Brazil,W115-4458,20192,https://iaplc.com/gallery/en/image/preview?prefix=20192&app_id=W115-4458
2019,129,,Bernat Hosta,,Andorra,W111-2512,20192,https://iaplc.com/gallery/en/image/preview?prefix=20192&app_id=W111-2512
2019,130,,Shuai Huang,黄帅,People’s Republic of China,W112-3199,20192,https://iaplc.com/gallery/en/image/preview?prefix=20192&app_id=W112-3199
2019,131,,Hitoshi Naruse,成瀬 仁,Japan,J115-9951,20192,https://iaplc.com/gallery/en/image/preview?prefix=20192&app_id=J115-9951
2019,132,,李 爽,李 爽,People’s Republic of China,W129-0214,20192,https://iaplc.com/gallery/en/image/preview?prefix=20192&app_id=W129-0214
2019,133,,GEORGE ADONIS,,Malaysia,W113-1493,20192,https://iaplc.com/gallery/en/image/preview?prefix=20192&app_id=W113-1493
2019,134,,Jeffrey Miotke,,United States of America,W105-1172,20192,https://iaplc.com/gallery/en/image/preview?prefix=20192&app_id=W105-1172
2019,135,,Rahul Mukherjee Mukherjee,,India,W104-2062,20192,https://iaplc.com/gallery/en/image/preview?prefix=20192&app_id=W104-2062
2019,136,,Kazuma Takeuchi,竹内 一馬,Japan,J118-6483,20192,https://iaplc.com/gallery/en/image/preview?prefix=20192&app_id=J118-6483
2019,137,,Jason Lu,,United States of America,W116-1905,20192,https://iaplc.com/gallery/en/image/preview?prefix=20192&app_id=W116-1905
2019,138,,tzujui wang,王子睿,Chinese Taipei,W102-8380,20192,https://iaplc.com/gallery/en/image/preview?prefix=20192&app_id=W102-8380
2019,139,,Thorsten Lampe,,Germany,W106-6187,20192,https://iaplc.com/gallery/en/image/preview?prefix=20192&app_id=W106-6187
2019,141,,Pavol Kulanda,,Great Britain,W108-4129,20192,https://iaplc.com/gallery/en/image/preview?prefix=20192&app_id=W108-4129
2019,142,,hugo Liao,廖國宏,Chinese Taipei,W107-0357,20192,https://iaplc.com/gallery/en/image/preview?prefix=20192&app_id=W107-0357
2019,143,,SOMEN BANERJEE,,India,W115-0321,20192,https://iaplc.com/gallery/en/image/preview?prefix=20192&app_id=W115-0321
2019,144,,junichi hyodo,兵藤 潤一,Japan,J115-4006,20192,https://iaplc.com/gallery/en/image/preview?prefix=20192&app_id=J115-4006
2019,145,,Patrik Nemeth,,Hungary,W119-6237,20192,https://iaplc.com/gallery/en/image/preview?prefix=20192&app_id=W119-6237
2019,146,,DouMing Mok,,Canada,W106-7867,20192,https://iaplc.com/gallery/en/image/preview?prefix=20192&app_id=W106-7867
2019,147,,Agus Sadino,,Indonesia,W115-7433,20192,https://iaplc.com/gallery/en/image/preview?prefix=20192&app_id=W115-7433
2019,148,,YIH SONG ONG,王艺松,Malaysia,W102-1397,20192,https://iaplc.com/gallery/en/image/preview?prefix=20192&app_id=W102-1397
2019,149,,薛 海,薛 海,People’s Republic of China,W122-0189,20192,https://iaplc.com/gallery/en/image/preview?prefix=20192&app_id=W122-0189
2019,150,,liwei guan,关利伟,People’s Republic of China,W109-4888,20192,https://iaplc.com/gallery/en/image/preview?prefix=20192&app_id=W109-4888
2019,152,,Marvin Lo,,United States of America,W110-1526,20192,https://iaplc.com/gallery/en/image/preview?prefix=20192&app_id=W110-1526
2019,153,,Tuan Tran,,Vietnam,W107-5282,20192,https://iaplc.com/gallery/en/image/preview?prefix=20192&app_id=W107-5282
2019,154,,Philip Schwarz,,Austria,W111-5291,20192,https://iaplc.com/gallery/en/image/preview?prefix=20192&app_id=W111-5291
2019,155,,wichian janjira,,Thailand,W119-6704,20192,https://iaplc.com/gallery/en/image/preview?prefix=20192&app_id=W119-6704
2019,156,,Rafael Valim,,Brazil,W102-7129,20192,https://iaplc.com/gallery/en/image/preview?prefix=20192&app_id=W102-7129
2019,157,,Motoi Nakamura,中村 基,Japan,J114-9970,20192,https://iaplc.com/gallery/en/image/preview?prefix=20192&app_id=J114-9970
2019,158,,Michiyo Kojima,小島 美智代,Japan,J123-0047,20192,https://iaplc.com/gallery/en/image/preview?prefix=20192&app_id=J123-0047
2019,159,,Hideyasu Sahashi,佐橋 秀康,Japan,J102-8071,20192,https://iaplc.com/gallery/en/image/preview?prefix=20192&app_id=J102-8071
2019,160,,Samuel Tomas,,Slovakia,W109-9692,20192,https://iaplc.com/gallery/en/image/preview?prefix=20192&app_id=W109-9692
2019,161,,Guillermo Barrientos,,Chile,W119-7008,20192,https://iaplc.com/gallery/en/image/preview?prefix=20192&app_id=W119-7008
2019,162,,Haruji Takee,武江 春治,Japan,J121-0058,20192,https://iaplc.com/gallery/en/image/preview?prefix=20192&app_id=J121-0058
2019,163,,Viktor Láng,,Hungary,W106-4674,20192,https://iaplc.com/gallery/en/image/preview?prefix=20192&app_id=W106-4674
2019,164,,Yasuhiro Wakayama,若山 康弘,Japan,J106-7681,20192,https://iaplc.com/gallery/en/image/preview?prefix=20192&app_id=J106-7681
2019,165,,Norbert Dobrotka,,Hungary,W107-4063,20192,https://iaplc.com/gallery/en/image/preview?prefix=20192&app_id=W107-4063
2019,166,,WAI SUN CHOW,鄒維新,"Hong Kong, China",W111-4322,20192,https://iaplc.com/gallery/en/image/preview?prefix=20192&app_id=W111-4322
2019,167,,YOSHIHARU UESHIMA,上島 好治,Japan,J101-8465,20192,https://iaplc.com/gallery/en/image/preview?prefix=20192&app_id=J101-8465
2019,168,,Milos Nikolic,,Serbia,W100-9487,20192,https://iaplc.com/gallery/en/image/preview?prefix=20192&app_id=W100-9487
2019,169,,Hiroaki Kishimoto,岸本 洋明,Japan,J113-8137,20192,https://iaplc.com/gallery/en/image/preview?prefix=20192&app_id=J113-8137
2019,170,,SANSAN ZO,,Indonesia,W114-0980,20192,https://iaplc.com/gallery/en/image/preview?prefix=20192&app_id=W114-0980
2019,171,,Marcin Zając,,Poland,W103-3605,20192,https://iaplc.com/gallery/en/image/preview?prefix=20192&app_id=W103-3605
2019,172,,Tereza Lazar,,Ukraine,W100-9747,20192,https://iaplc.com/gallery/en/image/preview?prefix=20192&app_id=W100-9747
2019,173,,Aryo Saputro,,Indonesia,W102-4487,20192,https://iaplc.com/gallery/en/image/preview?prefix=20192&app_id=W102-4487
2019,174,,Bertrand Mialhe,,France,W119-0867,20192,https://iaplc.com/gallery/en/image/preview?prefix=20192&app_id=W119-0867
2019,176,,hideaki matsubara,松原 秀晃,Japan,J102-9077,20192,https://iaplc.com/gallery/en/image/preview?prefix=20192&app_id=J102-9077
2019,177,,Andrew Whang,,United States of America,W105-9804,20192,https://iaplc.com/gallery/en/image/preview?prefix=20192&app_id=W105-9804
2019,178,,Rodrigo Dutra,,Brazil,W119-6137,20192,https://iaplc.com/gallery/en/image/preview?prefix=20192&app_id=W119-6137
2019,179,,Carlos Guerrero,,Spain,W112-5734,20192,https://iaplc.com/gallery/en/image/preview?prefix=20192&app_id=W112-5734
2019,180,,Giacomo Azzalin,,Italy,W110-5702,20192,https://iaplc.com/gallery/en/image/preview?prefix=20192&app_id=W110-5702
2019,181,,Harry Kwong,鄺景文,"Hong Kong, China",W111-7185,20192,https://iaplc.com/gallery/en/image/preview?prefix=20192&app_id=W111-7185
2019,182,,Ahyat Abdillah,,Indonesia,W108-6851,20192,https://iaplc.com/gallery/en/image/preview?prefix=20192&app_id=W108-6851
2019,183,,Thomas Oreskov,,Denmark,W115-0383,20192,https://iaplc.com/gallery/en/image/preview?prefix=20192&app_id=W115-0383
2019,184,,Samuele gamberini,,Italy,W115-2675,20192,https://iaplc.com/gallery/en/image/preview?prefix=20192&app_id=W115-2675
2019,185,,KAWIN ARPONIAM,,Thailand,W114-0913,20192,https://iaplc.com/gallery/en/image/preview?prefix=20192&app_id=W114-0913
2019,186,,Hyeim Jung,,Republic of Korea,W117-7357,20192,https://iaplc.com/gallery/en/image/preview?prefix=20192&app_id=W117-7357
2019,187,,Gonçalo Silva,,Portugal,W109-3052,20192,https://iaplc.com/gallery/en/image/preview?prefix=20192&app_id=W109-3052
2019,188,,Jahhyun Bok,卜資鉉,Republic of Korea,W115-7622,20192,https://iaplc.com/gallery/en/image/preview?prefix=20192&app_id=W115-7622
2019,189,,Takanori Kondo,近藤 敬典,Japan,J108-1317,20192,https://iaplc.com/gallery/en/image/preview?prefix=20192&app_id=J108-1317
2019,190,,James Starr-Marshall,,Great Britain,W105-2225,20192,https://iaplc.com/gallery/en/image/preview?prefix=20192&app_id=W105-2225
2019,191,,feng sun,孙峰,People’s Republic of China,W106-3923,20192,https://iaplc.com/gallery/en/image/preview?prefix=20192&app_id=W106-3923
2019,192,,Kiyohiko Hayashi,林 清彦,Japan,J107-8127,20192,https://iaplc.com/gallery/en/image/preview?prefix=20192&app_id=J107-8127
2019,193,,Hidekazu Tsukiji,築地 秀和,Japan,J119-9875,20192,https://iaplc.com/gallery/en/image/preview?prefix=20192&app_id=J119-9875
2019,194,,Stefan Graf,,Austria,W113-7377,20192,https://iaplc.com/gallery/en/image/preview?prefix=20192&app_id=W113-7377
2019,195,,Zoltan Csanyi,,United States of America,W116-2612,20192,https://iaplc.com/gallery/en/image/preview?prefix=20192&app_id=W116-2612
2019,196,,chan fei lao,劉振飛,"Macau, China",W105-4629,20192,https://iaplc.com/gallery/en/image/preview?prefix=20192&app_id=W105-4629
2019,197,,kelvin lim328,,Malaysia,W104-7593,20192,https://iaplc.com/gallery/en/image/preview?prefix=20192&app_id=W104-7593
2019,198,,Tomasz Matysiak,,Poland,W108-2216,20192,https://iaplc.com/gallery/en/image/preview?prefix=20192&app_id=W108-2216
2019,199,,董 传义,董 传义,People’s Republic of China,W120-0207,20192,https://iaplc.com/gallery/en/image/preview?prefix=20192&app_id=W120-0207
2019,200,,Toshifumi Watanabe,渡邉 俊文,Japan,J117-9966,20192,https://iaplc.com/gallery/en/image/preview?prefix=20192&app_id=J117-9966
2019,201,,Yasutoshi Ohta,太田 泰俊,Japan,J108-5266,20192,https://iaplc.com/gallery/en/image/preview?prefix=20192&app_id=J108-5266
2019,202,,Albert Yeo,,Indonesia,W115-8115,20192,https://iaplc.com/gallery/en/image/preview?prefix=20192&app_id=W115-8115
2019,203,,Shinji Fujieda,藤枝 信治,Japan,J119-9869,20192,https://iaplc.com/gallery/en/image/preview?prefix=20192&app_id=J119-9869
2019,204,,凌 岩渕 岩渕 凌,凌 岩渕 岩渕 凌,Japan,J115-7384,20192,https://iaplc.com/gallery/en/image/preview?prefix=20192&app_id=J115-7384
2019,205,,SON NGUYEN NGOC,,Vietnam,W118-8495,20192,https://iaplc.com/gallery/en/image/preview?prefix=20192&app_id=W118-8495
2019,206,,Satomi Hayashi,林 里美,Japan,J126-0243,20192,https://iaplc.com/gallery/en/image/preview?prefix=20192&app_id=J126-0243
2019,207,,Andi Wahyu,,Indonesia,W119-5996,20192,https://iaplc.com/gallery/en/image/preview?prefix=20192&app_id=W119-5996
2019,208,,Nobuyuki Hosokawa,細川 信行,Japan,J116-9931,20192,https://iaplc.com/gallery/en/image/preview?prefix=20192&app_id=J116-9931
2019,209,,Chung Hin Leung,梁仲軒,"Hong Kong, China",W119-4067,20192,https://iaplc.com/gallery/en/image/preview?prefix=20192&app_id=W119-4067
2019,210,,Luis Miguel Benito,,Spain,W108-4548,20192,https://iaplc.com/gallery/en/image/preview?prefix=20192&app_id=W108-4548
2019,211,,JULLAWONG PRAPANTHA,,Thailand,W103-8864,20192,https://iaplc.com/gallery/en/image/preview?prefix=20192&app_id=W103-8864
2019,212,,shinichiro Yamada,山田 真一郎,Japan,J113-5464,20192,https://iaplc.com/gallery/en/image/preview?prefix=20192&app_id=J113-5464
2019,213,,Beny Rafika,,Indonesia,W107-9431,20192,https://iaplc.com/gallery/en/image/preview?prefix=20192&app_id=W107-9431
2019,214,,i kadek nata wirajaya,,Indonesia,W116-1824,20192,https://iaplc.com/gallery/en/image/preview?prefix=20192&app_id=W116-1824
2019,215,,jinsun Cho,趙珍善,Republic of Korea,W113-0458,20192,https://iaplc.com/gallery/en/image/preview?prefix=20192&app_id=W113-0458
2019,217,,zijian huang,黄子健,People’s Republic of China,W117-6985,20192,https://iaplc.com/gallery/en/image/preview?prefix=20192&app_id=W117-6985
2019,218,,Amir Lavi,,Islamic Republic of Iran,W111-9784,20192,https://iaplc.com/gallery/en/image/preview?prefix=20192&app_id=W111-9784
2019,219,,Takehiko Honoki,朴木 武彦,Japan,J113-9857,20192,https://iaplc.com/gallery/en/image/preview?prefix=20192&app_id=J113-9857
2019,220,,Ryo Yoshida,吉田 リョウ,Japan,J125-0094,20192,https://iaplc.com/gallery/en/image/preview?prefix=20192&app_id=J125-0094
2019,221,,LE TRINH HA,,Vietnam,W104-5954,20192,https://iaplc.com/gallery/en/image/preview?prefix=20192&app_id=W104-5954
2019,222,,karine surget,,France,W105-9228,20192,https://iaplc.com/gallery/en/image/preview?prefix=20192&app_id=W105-9228
2019,223,,Binh Duong Chi,,Vietnam,W106-6034,20192,https://iaplc.com/gallery/en/image/preview?prefix=20192&app_id=W106-6034
2019,224,,Taiga Gotou,後藤 大河,Japan,J110-6577,20192,https://iaplc.com/gallery/en/image/preview?prefix=20192&app_id=J110-6577
2019,225,,Matsuda Takanori,松田 高功,Japan,J116-9907,20192,https://iaplc.com/gallery/en/image/preview?prefix=20192&app_id=J116-9907
2019,226,,Marvin Wong,,Indonesia,W108-5935,20192,https://iaplc.com/gallery/en/image/preview?prefix=20192&app_id=W108-5935
2019,227,,Petr Barlog,,Czech Republic,W100-5917,20192,https://iaplc.com/gallery/en/image/preview?prefix=20192&app_id=W100-5917
2019,228,,Tsuyoshi Yokoyama,横山 毅,Japan,J112-9892,20192,https://iaplc.com/gallery/en/image/preview?prefix=20192&app_id=J112-9892
2019,229,,Davi Chixaro,,Brazil,W116-8375,20192,https://iaplc.com/gallery/en/image/preview?prefix=20192&app_id=W116-8375
2019,230,,Luis Jimenez,,Spain,W119-1154,20192,https://iaplc.com/gallery/en/image/preview?prefix=20192&app_id=W119-1154
2019,231,,Nobuhiko Kawashima,川島 信彦,Japan,J114-8106,20192,https://iaplc.com/gallery/en/image/preview?prefix=20192&app_id=J114-8106
2019,232,,yuji shimomura,下村 祐二,Japan,J104-4512,20192,https://iaplc.com/gallery/en/image/preview?prefix=20192&app_id=J104-4512
2019,233,,Asako Wada,和田 明咲子,Japan,J126-0100,20192,https://iaplc.com/gallery/en/image/preview?prefix=20192&app_id=J126-0100
2019,235,,Shigeyuki Fujita,藤田 茂幸,Japan,W127-0031,20192,https://iaplc.com/gallery/en/image/preview?prefix=20192&app_id=W127-0031
2019,237,,TRUNG DOHAI,,Vietnam,W116-3509,20192,https://iaplc.com/gallery/en/image/preview?prefix=20192&app_id=W116-3509
2019,238,,Adrián Lepe,,Mexico,W103-5743,20192,https://iaplc.com/gallery/en/image/preview?prefix=20192&app_id=W103-5743
2019,239,,Anass EL GAD,,Morocco,W110-7739,20192,https://iaplc.com/gallery/en/image/preview?prefix=20192&app_id=W110-7739
2019,240,,masahiro tayama,田山 勝浩,Japan,J104-0151,20192,https://iaplc.com/gallery/en/image/preview?prefix=20192&app_id=J104-0151
2019,241,,林林 张 张林林,林林 张 张林林,People’s Republic of China,W115-1230,20192,https://iaplc.com/gallery/en/image/preview?prefix=20192&app_id=W115-1230
2019,242,,翌 何 何翌,翌 何 何翌,People’s Republic of China,W107-1001,20192,https://iaplc.com/gallery/en/image/preview?prefix=20192&app_id=W107-1001
2019,243,,カオル マツイ 松井 郁,カオル マツイ 松井 郁,Japan,J113-1287,20192,https://iaplc.com/gallery/en/image/preview?prefix=20192&app_id=J113-1287
2019,244,,amr sarwat,,Egypt,W117-4375,20192,https://iaplc.com/gallery/en/image/preview?prefix=20192&app_id=W117-4375
2019,245,,Silviu Eugen Filimon,,Romania,W107-9600,20192,https://iaplc.com/gallery/en/image/preview?prefix=20192&app_id=W107-9600
2019,246,,Fabio Bassetto,,Italy,W118-2881,20192,https://iaplc.com/gallery/en/image/preview?prefix=20192&app_id=W118-2881
2019,247,,健聪 梁 梁 健聪,健聪 梁 梁 健聪,People’s Republic of China,W101-4107,20192,https://iaplc.com/gallery/en/image/preview?prefix=20192&app_id=W101-4107
2019,248,,Long Tran Hoang,,Vietnam,W105-8167,20192,https://iaplc.com/gallery/en/image/preview?prefix=20192&app_id=W105-8167
2019,249,,Sei Tomoda,友田 聖,Japan,J103-9953,20192,https://iaplc.com/gallery/en/image/preview?prefix=20192&app_id=J103-9953
2019,250,,Rajib Saha,,India,W102-2169,20192,https://iaplc.com/gallery/en/image/preview?prefix=20192&app_id=W102-2169
2019,251,,Omi Draper,,United Arab Emirates,W113-2725,20192,https://iaplc.com/gallery/en/image/preview?prefix=20192&app_id=W113-2725
2019,252,,Kenji Yamada,山田 健司,Japan,J119-9919,20192,https://iaplc.com/gallery/en/image/preview?prefix=20192&app_id=J119-9919
2019,253,,Rodolfo Lopez Zamora,,Chile,W115-2743,20192,https://iaplc.com/gallery/en/image/preview?prefix=20192&app_id=W115-2743
2019,254,,Hoang Pham,,Vietnam,W102-6027,20192,https://iaplc.com/gallery/en/image/preview?prefix=20192&app_id=W102-6027
2019,255,,honglei Diao,刁宏磊,People’s Republic of China,W118-1533,20192,https://iaplc.com/gallery/en/image/preview?prefix=20192&app_id=W118-1533
2019,256,,Minh Duc Nguyen,,Vietnam,W114-7820,20192,https://iaplc.com/gallery/en/image/preview?prefix=20192&app_id=W114-7820
2019,257,,HSIANGWEI HUANG,,Chinese Taipei,W113-4079,20192,https://iaplc.com/gallery/en/image/preview?prefix=20192&app_id=W113-4079
2019,259,,Satoshi Sakai,坂井 聡,Japan,J125-0001,20192,https://iaplc.com/gallery/en/image/preview?prefix=20192&app_id=J125-0001
2019,260,,YOUNG-JU LEE,李煐周,Republic of Korea,W117-1482,20192,https://iaplc.com/gallery/en/image/preview?prefix=20192&app_id=W117-1482
2019,261,,winhong chow,周泳康,People’s Republic of China,W116-7554,20192,https://iaplc.com/gallery/en/image/preview?prefix=20192&app_id=W116-7554
2019,262,,郭 圆圆,郭 圆圆,People’s Republic of China,W127-0221,20192,https://iaplc.com/gallery/en/image/preview?prefix=20192&app_id=W127-0221
2019,263,,Mikhail Goryaev Vladimirovich,,Russian Federation,W104-0917,20192,https://iaplc.com/gallery/en/image/preview?prefix=20192&app_id=W104-0917
2019,264,,Yukitoshi Ohnota,大野田 幸俊,Japan,J114-8043,20192,https://iaplc.com/gallery/en/image/preview?prefix=20192&app_id=J114-8043
2019,266,,Hiroki Matsui,松井 宏樹,Japan,J115-9058,20192,https://iaplc.com/gallery/en/image/preview?prefix=20192&app_id=J115-9058
2019,267,,ying-ju chen,陳盈儒,Chinese Taipei,W111-4566,20192,https://iaplc.com/gallery/en/image/preview?prefix=20192&app_id=W111-4566
2019,268,,Will THOW,,Australia,W105-1663,20192,https://iaplc.com/gallery/en/image/preview?prefix=20192&app_id=W105-1663
2019,269,,Sankai Naoki,三海 尚輝,Japan,J101-7405,20192,https://iaplc.com/gallery/en/image/preview?prefix=20192&app_id=J101-7405
2019,270,,Hiroki Hayashi,林 寛貴,Japan,J106-9730,20192,https://iaplc.com/gallery/en/image/preview?prefix=20192&app_id=J106-9730
2019,271,,Alam Tjahya Utomo,,Indonesia,W116-5204,20192,https://iaplc.com/gallery/en/image/preview?prefix=20192&app_id=W116-5204
2019,272,,Florian Breindl,,Germany,W116-2638,20192,https://iaplc.com/gallery/en/image/preview?prefix=20192&app_id=W116-2638
2019,273,,Dr Kaushik Bose,,India,W127-0159,20192,https://iaplc.com/gallery/en/image/preview?prefix=20192&app_id=W127-0159
2019,274,,Jorge Humberto Hurtado,,Mexico,W113-6068,20192,https://iaplc.com/gallery/en/image/preview?prefix=20192&app_id=W113-6068
2019,275,,Vyacheslav Kryshtopa,,Russian Federation,W119-2751,20192,https://iaplc.com/gallery/en/image/preview?prefix=20192&app_id=W119-2751
2019,276,,Takuya Maruyama,丸山 卓也,Japan,J118-9981,20192,https://iaplc.com/gallery/en/image/preview?prefix=20192&app_id=J118-9981
2019,277,,Yanwei Wang,王彦伟,People’s Republic of China,W119-5071,20192,https://iaplc.com/gallery/en/image/preview?prefix=20192&app_id=W119-5071
2019,278,,耿 舜,耿 舜,People’s Republic of China,W124-0194,20192,https://iaplc.com/gallery/en/image/preview?prefix=20192&app_id=W124-0194
2019,279,,Keisuke Hosono,細野 圭亮,Japan,J129-0017,20192,https://iaplc.com/gallery/en/image/preview?prefix=20192&app_id=J129-0017
2019,280,,Amrita Kar,,India,W124-0163,20192,https://iaplc.com/gallery/en/image/preview?prefix=20192&app_id=W124-0163
2019,281,,Ryuhei Fujii,藤井 竜平,Japan,J100-1687,20192,https://iaplc.com/gallery/en/image/preview?prefix=20192&app_id=J100-1687
2019,282,,Ryo Hirata,平田 遼,Japan,J119-2199,20192,https://iaplc.com/gallery/en/image/preview?prefix=20192&app_id=J119-2199
2019,283,,Wilco Piest,,Netherlands,W105-4140,20192,https://iaplc.com/gallery/en/image/preview?prefix=20192&app_id=W105-4140
2019,284,,Mithun Patra,,India,W126-0178,20192,https://iaplc.com/gallery/en/image/preview?prefix=20192&app_id=W126-0178
2019,285,,Ryosuke Kutsuzawa,沓澤 亮介,Japan,J127-0235,20192,https://iaplc.com/gallery/en/image/preview?prefix=20192&app_id=J127-0235
2019,286,,Attila Lovas,,Hungary,W108-5256,20192,https://iaplc.com/gallery/en/image/preview?prefix=20192&app_id=W108-5256
2019,287,,Sarah Casper,,Denmark,W117-5031,20192,https://iaplc.com/gallery/en/image/preview?prefix=20192&app_id=W117-5031
2019,288,,Gian Lim Choong,钟健霖,Malaysia,W100-6495,20192,https://iaplc.com/gallery/en/image/preview?prefix=20192&app_id=W100-6495
2019,289,,naoki miura MIURA NAOKI,,Japan,J108-2088,20192,https://iaplc.com/gallery/en/image/preview?prefix=20192&app_id=J108-2088
2019,290,,Baron Lam,,Canada,W108-9551,20192,https://iaplc.com/gallery/en/image/preview?prefix=20192&app_id=W108-9551
2019,291,,KU HAN TU,,Chinese Taipei,W116-3801,20192,https://iaplc.com/gallery/en/image/preview?prefix=20192&app_id=W116-3801
2019,293,,KWONG KAM PUI,鄺錦培,"Hong Kong, China",W114-0193,20192,https://iaplc.com/gallery/en/image/preview?prefix=20192&app_id=W114-0193
2019,295,,Matteo Savoia,,Italy,W116-2980,20192,https://iaplc.com/gallery/en/image/preview?prefix=20192&app_id=W116-2980
2019,296,,zepo wang,王泽坡,People’s Republic of China,W111-3005,20192,https://iaplc.com/gallery/en/image/preview?prefix=20192&app_id=W111-3005
2019,297,,XINGQI LUO,罗兴琪,People’s Republic of China,W114-0822,20192,https://iaplc.com/gallery/en/image/preview?prefix=20192&app_id=W114-0822
2019,298,,David Bono,,United States of America,W104-8947,20192,https://iaplc.com/gallery/en/image/preview?prefix=20192&app_id=W104-8947
2019,299,,Yuta Takahagi,高萩 雄大,Japan,J118-7340,20192,https://iaplc.com/gallery/en/image/preview?prefix=20192&app_id=J118-7340
2019,300,,Andreas Ruppert-Flerlage,,Germany,W119-9329,20192,https://iaplc.com/gallery/en/image/preview?prefix=20192&app_id=W119-9329
2019,301,,Suwit Vanichvoranun,,Thailand,W112-9225,20192,https://iaplc.com/gallery/en/image/preview?prefix=20192&app_id=W112-9225
2019,302,,Helfi Ridwan Karma,,Egypt,W116-6143,20192,https://iaplc.com/gallery/en/image/preview?prefix=20192&app_id=W116-6143
2019,303,,Alexis Andreu,,Spain,W115-9612,20192,https://iaplc.com/gallery/en/image/preview?prefix=20192&app_id=W115-9612
2019,304,,Shawn McBride,,United States of America,W117-3171,20192,https://iaplc.com/gallery/en/image/preview?prefix=20192&app_id=W117-3171
2019,305,,RICARDO MASUMOTO,,Brazil,W113-4389,20192,https://iaplc.com/gallery/en/image/preview?prefix=20192&app_id=W113-4389
2019,306,,Syota Suzuki,鈴木 翔太,Japan,J117-3398,20192,https://iaplc.com/gallery/en/image/preview?prefix=20192&app_id=J117-3398
2019,307,,Yusuke Inoue,井上 雄介,Japan,J114-6631,20192,https://iaplc.com/gallery/en/image/preview?prefix=20192&app_id=J114-6631
2019,308,,Kenji Wada,和田 健二,Japan,J124-0088,20192,https://iaplc.com/gallery/en/image/preview?prefix=20192&app_id=J124-0088
2019,309,,li  ting Lin,林丽婷,People’s Republic of China,W117-8775,20192,https://iaplc.com/gallery/en/image/preview?prefix=20192&app_id=W117-8775
2019,310,,MIRKO SACCHETTO,,Italy,W117-2905,20192,https://iaplc.com/gallery/en/image/preview?prefix=20192&app_id=W117-2905
2019,311,,Shunsuke Sakamoto,阪元 俊介,Japan,J111-1335,20192,https://iaplc.com/gallery/en/image/preview?prefix=20192&app_id=J111-1335
2019,312,,Genki Todoroki,轟 元気,Japan,J113-2460,20192,https://iaplc.com/gallery/en/image/preview?prefix=20192&app_id=J113-2460
2019,313,,MIGUEL ÁNGEL MARTÍNEZ JARENO,,Spain,W114-2582,20192,https://iaplc.com/gallery/en/image/preview?prefix=20192&app_id=W114-2582
2019,314,,guanglin Hong,洪光霖,People’s Republic of China,W103-7669,20192,https://iaplc.com/gallery/en/image/preview?prefix=20192&app_id=W103-7669
2019,315,,Haruo Tatekawa,竪川 陽雄,Japan,J112-2201,20192,https://iaplc.com/gallery/en/image/preview?prefix=20192&app_id=J112-2201
2019,316,,takuji Hashimoto,橋本 拓治,Japan,J119-8485,20192,https://iaplc.com/gallery/en/image/preview?prefix=20192&app_id=J119-8485
2019,317,,Isao Tsuchida,土田 功,Japan,J107-7332,20192,https://iaplc.com/gallery/en/image/preview?prefix=20192&app_id=J107-7332
2019,318,,junxi zhang,张竣稀,People’s Republic of China,W111-2388,20192,https://iaplc.com/gallery/en/image/preview?prefix=20192&app_id=W111-2388
2019,319,,SHIYOU WANG,王世友,People’s Republic of China,W116-0804,20192,https://iaplc.com/gallery/en/image/preview?prefix=20192&app_id=W116-0804
2019,320,,Marco Cogoni,,Italy,W111-6101,20192,https://iaplc.com/gallery/en/image/preview?prefix=20192&app_id=W111-6101
2019,321,,JAVIER CASTRO ALONSO,,Spain,W103-4596,20192,https://iaplc.com/gallery/en/image/preview?prefix=20192&app_id=W103-4596
2019,322,,Anant Tangdumrongbun,,Thailand,W100-2472,20192,https://iaplc.com/gallery/en/image/preview?prefix=20192&app_id=W100-2472
2019,323,,Alexandru Lucian Caileanu,,Romania,W106-8022,20192,https://iaplc.com/gallery/en/image/preview?prefix=20192&app_id=W106-8022
2019,324,,OHHYEUN KWON,權五炫,Republic of Korea,W116-7608,20192,https://iaplc.com/gallery/en/image/preview?prefix=20192&app_id=W116-7608
2019,325,,acho choky,,Indonesia,W107-0405,20192,https://iaplc.com/gallery/en/image/preview?prefix=20192&app_id=W107-0405
2019,326,,建辉 李 李建辉,建辉 李 李建辉,People’s Republic of China,W105-9356,20192,https://iaplc.com/gallery/en/image/preview?prefix=20192&app_id=W105-9356
2019,327,,Dmitry Parshin,,Russian Federation,W119-6009,20192,https://iaplc.com/gallery/en/image/preview?prefix=20192&app_id=W119-6009
2018,1,,Hironori Handa,半田 浩規,Japan,J020-0268,20181,https://iaplc.com/gallery/en/image/preview?prefix=20181&app_id=J020-0268
2018,2,,Minh Toan Nguyen,,Vietnam,W003-7423,20182,https://iaplc.com/gallery/en/image/preview?prefix=20182&app_id=W003-7423
2018,3,,Takayuki Fukada,深田 崇敬,Japan,J021-0279,20181,https://iaplc.com/gallery/en/image/preview?prefix=20181&app_id=J021-0279
2018,4,,Hiep Hong,,United States of America,W015-3501,20182,https://iaplc.com/gallery/en/image/preview?prefix=20182&app_id=W015-3501
2018,5,,Steven Chong,张德伟,United States of America,W011-3759,20182,https://iaplc.com/gallery/en/image/preview?prefix=20182&app_id=W011-3759
2018,6,,Bernat Hosta,,Andorra,W019-6628,20182,https://iaplc.com/gallery/en/image/preview?prefix=20182&app_id=W019-6628
2018,7,,Jin Liang,梁劲,People’s Republic of China,W013-1006,20182,https://iaplc.com/gallery/en/image/preview?prefix=20182&app_id=W013-1006
2018,8,,Roger Goh,,Singapore,W012-3745,20182,https://iaplc.com/gallery/en/image/preview?prefix=20182&app_id=W012-3745
2018,9,,Lyu Jheng Yu,呂政育,Chinese Taipei,W009-3650,20182,https://iaplc.com/gallery/en/image/preview?prefix=20182&app_id=W009-3650
2018,11,,Hiroki Takaishi,高石 浩貴,Japan,J022-0288,20181,https://iaplc.com/gallery/en/image/preview?prefix=20181&app_id=J022-0288
2018,13,,Wen Lin Ruan,阮文林,People’s Republic of China,W013-4276,20182,https://iaplc.com/gallery/en/image/preview?prefix=20182&app_id=W013-4276
2018,14,,Fabio Ferreira Da Silva,,Brazil,W019-8918,20182,https://iaplc.com/gallery/en/image/preview?prefix=20182&app_id=W019-8918
2018,16,,Juan Fco Aba Serra,,Spain,W005-1978,20182,https://iaplc.com/gallery/en/image/preview?prefix=20182&app_id=W005-1978
2018,17,,Raúl Gargallo Marí,,Spain,W009-7493,20182,https://iaplc.com/gallery/en/image/preview?prefix=20182&app_id=W009-7493
2018,18,,Yucheng Pan,盘育成,People’s Republic of China,W016-0207,20182,https://iaplc.com/gallery/en/image/preview?prefix=20182&app_id=W016-0207
2018,20,,Josh Sim,沈健峰,Malaysia,W008-4602,20182,https://iaplc.com/gallery/en/image/preview?prefix=20182&app_id=W008-4602
2018,21,,Ray Lee,李啟瑞,Chinese Taipei,W008-9473,20182,https://iaplc.com/gallery/en/image/preview?prefix=20182&app_id=W008-9473
2018,22,,Kevin Teoh,,Malaysia,W004-8686,20182,https://iaplc.com/gallery/en/image/preview?prefix=20182&app_id=W004-8686
2018,23,,Tsai Yu Hsieh,謝采妤,Chinese Taipei,W008-8862,20182,https://iaplc.com/gallery/en/image/preview?prefix=20182&app_id=W008-8862
2018,24,,Trung Phan Thanh,,Vietnam,W018-1196,20182,https://iaplc.com/gallery/en/image/preview?prefix=20182&app_id=W018-1196
2018,25,,Jullawong Prapantha,,Thailand,W010-5558,20182,https://iaplc.com/gallery/en/image/preview?prefix=20182&app_id=W010-5558
2018,26,,Renan Selingardi Do Amaral,,Brazil,W001-5878,20182,https://iaplc.com/gallery/en/image/preview?prefix=20182&app_id=W001-5878
2018,27,,Genki Todoroki,轟 元気,Japan,J003-9995,20182,https://iaplc.com/gallery/en/image/preview?prefix=20182&app_id=J003-9995
2018,28,,Bela Molnar,,Netherlands,W013-0319,20182,https://iaplc.com/gallery/en/image/preview?prefix=20182&app_id=W013-0319
2018,29,,Hai Xue,薛海,Chinese Taipei,W010-4897,20182,https://iaplc.com/gallery/en/image/preview?prefix=20182&app_id=W010-4897
2018,30,,Juan Puchades Rufino,,Spain,W009-5093,20182,https://iaplc.com/gallery/en/image/preview?prefix=20182&app_id=W009-5093
2018,31,,Luis Carlos Galarraga,,Brazil,W019-2749,20182,https://iaplc.com/gallery/en/image/preview?prefix=20182&app_id=W019-2749
2018,33,,Eric Bonnaud,,France,W002-8995,20182,https://iaplc.com/gallery/en/image/preview?prefix=20182&app_id=W002-8995
2018,34,,Junichi Itakura,板倉 淳一,Japan,J005-4332,20182,https://iaplc.com/gallery/en/image/preview?prefix=20182&app_id=J005-4332
2018,35,,Takuya Maruyama,丸山 卓也,Japan,J025-0293,20181,https://iaplc.com/gallery/en/image/preview?prefix=20181&app_id=J025-0293
2018,36,,Tomoaki Ueno,上野 知明,Japan,J022-0302,20181,https://iaplc.com/gallery/en/image/preview?prefix=20181&app_id=J022-0302
2018,37,,Philip Schwarz,,Austria,W017-6681,20182,https://iaplc.com/gallery/en/image/preview?prefix=20182&app_id=W017-6681
2018,38,,Thanapat Preeyangkool,,Thailand,W011-1911,20182,https://iaplc.com/gallery/en/image/preview?prefix=20182&app_id=W011-1911
2018,39,,Mamet Rahmad,,Indonesia,W000-9594,20182,https://iaplc.com/gallery/en/image/preview?prefix=20182&app_id=W000-9594
2018,41,,Chenxi Sun,孙晨曦,People’s Republic of China,W013-5639,20182,https://iaplc.com/gallery/en/image/preview?prefix=20182&app_id=W013-5639
2018,42,,Dama Refiyuda,,Indonesia,W016-9810,20182,https://iaplc.com/gallery/en/image/preview?prefix=20182&app_id=W016-9810
2018,43,,Truong Thinh Ngo,,Vietnam,W013-8046,20182,https://iaplc.com/gallery/en/image/preview?prefix=20182&app_id=W013-8046
2018,44,,Robertus Hartono,,Singapore,W007-6309,20181,https://iaplc.com/gallery/en/image/preview?prefix=20181&app_id=W007-6309
2018,45,,Eri Tokusashi,徳差 江里,Japan,J015-7685,20182,https://iaplc.com/gallery/en/image/preview?prefix=20182&app_id=J015-7685
2018,46,,Long Tran Hoang,,Vietnam,W019-8792,20182,https://iaplc.com/gallery/en/image/preview?prefix=20182&app_id=W019-8792
2018,47,,Chuanyi Dong,董传义,People’s Republic of China,W016-6802,20182,https://iaplc.com/gallery/en/image/preview?prefix=20182&app_id=W016-6802
2018,48,,Roberto Bielli,,Italy,W001-2912,20182,https://iaplc.com/gallery/en/image/preview?prefix=20182&app_id=W001-2912
2018,49,,Suwit Vanichvoranun,,Thailand,W011-6164,20182,https://iaplc.com/gallery/en/image/preview?prefix=20182&app_id=W011-6164
2018,50,,Jeison Baier Cifuentes,,Spain,W017-6263,20182,https://iaplc.com/gallery/en/image/preview?prefix=20182&app_id=W017-6263
2018,51,,Yoyo Prayogi,,Indonesia,W017-7366,20181,https://iaplc.com/gallery/en/image/preview?prefix=20181&app_id=W017-7366
2018,52,,Hong Lin Ong,王鴻霖,Malaysia,W002-5044,20182,https://iaplc.com/gallery/en/image/preview?prefix=20182&app_id=W002-5044
2018,53,,Indra Wijaya,,Indonesia,W012-4603,20182,https://iaplc.com/gallery/en/image/preview?prefix=20182&app_id=W012-4603
2018,54,,Gaurav Singh,,India,W016-6586,20182,https://iaplc.com/gallery/en/image/preview?prefix=20182&app_id=W016-6586
2018,55,,Haiqal Rosli,,Singapore,W013-7405,20182,https://iaplc.com/gallery/en/image/preview?prefix=20182&app_id=W013-7405
2018,56,,Nhan Huynh,,Vietnam,W016-6043,20182,https://iaplc.com/gallery/en/image/preview?prefix=20182&app_id=W016-6043
2018,58,,Martial Hervy,,France,W003-4494,20182,https://iaplc.com/gallery/en/image/preview?prefix=20182&app_id=W003-4494
2018,59,,Xiaoqing Wang,王晓清,People’s Republic of China,W013-1238,20182,https://iaplc.com/gallery/en/image/preview?prefix=20182&app_id=W013-1238
2018,60,,David Escribà Carneros,,Spain,W010-2399,20182,https://iaplc.com/gallery/en/image/preview?prefix=20182&app_id=W010-2399
2018,61,,Marcin Zając,,Poland,W019-6230,20182,https://iaplc.com/gallery/en/image/preview?prefix=20182&app_id=W019-6230
2018,62,,Cliff Hui,許錦汶,"Hong Kong, China",W012-8157,20182,https://iaplc.com/gallery/en/image/preview?prefix=20182&app_id=W012-8157
2018,63,,Giuseppe Nisi,,Italy,W002-2670,20182,https://iaplc.com/gallery/en/image/preview?prefix=20182&app_id=W002-2670
2018,64,,Toshifumi Watanabe,渡邉 俊文,Japan,J024-0313,20181,https://iaplc.com/gallery/en/image/preview?prefix=20181&app_id=J024-0313
2018,65,,Zhendong Zhang,张振东,People’s Republic of China,W009-2046,20181,https://iaplc.com/gallery/en/image/preview?prefix=20181&app_id=W009-2046
2018,66,,Chin Huat Low,刘进发,Malaysia,W003-7632,20182,https://iaplc.com/gallery/en/image/preview?prefix=20182&app_id=W003-7632
2018,67,,Atsushi Suzuki,鈴木 敦,Japan,W029-0323,20181,https://iaplc.com/gallery/en/image/preview?prefix=20181&app_id=W029-0323
2018,68,,André Franken,,Germany,W017-8237,20182,https://iaplc.com/gallery/en/image/preview?prefix=20182&app_id=W017-8237
2018,69,,Aini Chen,陈艾妮,Chinese Taipei,W019-5054,20182,https://iaplc.com/gallery/en/image/preview?prefix=20182&app_id=W019-5054
2018,70,,Duc Nguyen Minh,,Vietnam,W019-8821,20182,https://iaplc.com/gallery/en/image/preview?prefix=20182&app_id=W019-8821
2018,71,,Nobphacha Yimyou,,Thailand,W003-7164,20182,https://iaplc.com/gallery/en/image/preview?prefix=20182&app_id=W003-7164
2018,72,,Phuc Do,,Vietnam,W008-3501,20182,https://iaplc.com/gallery/en/image/preview?prefix=20182&app_id=W008-3501
2018,73,,Diego Barros Regueira,,Spain,W012-9527,20182,https://iaplc.com/gallery/en/image/preview?prefix=20182&app_id=W012-9527
2018,75,,Yoshinobu Yamaguchi,山口 欣信,Japan,J019-0440,20182,https://iaplc.com/gallery/en/image/preview?prefix=20182&app_id=J019-0440
2018,76,,Thorsten Lampe,,Germany,W006-3857,20182,https://iaplc.com/gallery/en/image/preview?prefix=20182&app_id=W006-3857
2018,77,,Shawn Mc Bride,,United States of America,W002-8633,20182,https://iaplc.com/gallery/en/image/preview?prefix=20182&app_id=W002-8633
2018,78,,Valentina Meneghello,,Italy,W015-9773,20182,https://iaplc.com/gallery/en/image/preview?prefix=20182&app_id=W015-9773
2018,79,,Francisco Jose Parraga Garcia,,Spain,W013-4626,20182,https://iaplc.com/gallery/en/image/preview?prefix=20182&app_id=W013-4626
2018,80,,Mario Perez,,Spain,W017-6638,20182,https://iaplc.com/gallery/en/image/preview?prefix=20182&app_id=W017-6638
2018,81,,Pavol Kulanda,,Great Britain,W008-5080,20182,https://iaplc.com/gallery/en/image/preview?prefix=20182&app_id=W008-5080
2018,83,,Tomomasa Ohba,大庭 友正,Japan,J000-5218,20182,https://iaplc.com/gallery/en/image/preview?prefix=20182&app_id=J000-5218
2018,84,,Jeffrey Miotke,,United States of America,W000-4118,20182,https://iaplc.com/gallery/en/image/preview?prefix=20182&app_id=W000-4118
2018,85,,Dzulfitri Ali,,Malaysia,W014-1976,20182,https://iaplc.com/gallery/en/image/preview?prefix=20182&app_id=W014-1976
2018,86,,Michael Reinke,,France,W002-4612,20182,https://iaplc.com/gallery/en/image/preview?prefix=20182&app_id=W002-4612
2018,87,,Yukitoshi Ohnota,大野田 幸俊,Japan,J016-8358,20182,https://iaplc.com/gallery/en/image/preview?prefix=20182&app_id=J016-8358
2018,88,,Ivan Inti Morales,,Mexico,W003-9741,20182,https://iaplc.com/gallery/en/image/preview?prefix=20182&app_id=W003-9741
2018,89,,Stefan Graf,,Austria,W009-8886,20182,https://iaplc.com/gallery/en/image/preview?prefix=20182&app_id=W009-8886
2018,90,,Fernando Ferreira Cruz,,Brazil,W011-4061,20182,https://iaplc.com/gallery/en/image/preview?prefix=20182&app_id=W011-4061
2018,91,,Alexander Hecht,,Austria,W019-0663,20182,https://iaplc.com/gallery/en/image/preview?prefix=20182&app_id=W019-0663
2018,93,,刘勇,刘勇,People’s Republic of China,W019-3612,20182,https://iaplc.com/gallery/en/image/preview?prefix=20182&app_id=W019-3612
2018,94,,Vyacheslav Kryshtopa,,Russian Federation,W007-9725,20182,https://iaplc.com/gallery/en/image/preview?prefix=20182&app_id=W007-9725
2018,95,,Japheth Fabella,,Canada,W002-2748,20182,https://iaplc.com/gallery/en/image/preview?prefix=20182&app_id=W002-2748
2018,96,,Mika Baba,馬塲 美香,Japan,W027-0331,20181,https://iaplc.com/gallery/en/image/preview?prefix=20181&app_id=W027-0331
2018,97,,Siew Yuen Chan,陈兆元,Malaysia,W002-4981,20182,https://iaplc.com/gallery/en/image/preview?prefix=20182&app_id=W002-4981
2018,98,,André Luiz Rodrigues,,Brazil,W012-3703,20182,https://iaplc.com/gallery/en/image/preview?prefix=20182&app_id=W012-3703
2018,100,,Hiroe Kanzaki,神崎 光恵,Japan,W020-0346,20181,https://iaplc.com/gallery/en/image/preview?prefix=20181&app_id=W020-0346
2018,101,,Tri Ton That Nguyen Phuoc,,Vietnam,W012-8800,20182,https://iaplc.com/gallery/en/image/preview?prefix=20182&app_id=W012-8800
2018,102,,Yih Song Ong,王艺松,Malaysia,W006-5945,20182,https://iaplc.com/gallery/en/image/preview?prefix=20182&app_id=W006-5945
2018,103,,Zoltan Durgo,,Hungary,W000-1018,20182,https://iaplc.com/gallery/en/image/preview?prefix=20182&app_id=W000-1018
2018,104,,Ying-Ju Chen,陳盈儒,Chinese Taipei,W001-9365,20182,https://iaplc.com/gallery/en/image/preview?prefix=20182&app_id=W001-9365
2018,105,,Koji Kogure,小暮 浩司,Japan,J012-1751,20182,https://iaplc.com/gallery/en/image/preview?prefix=20182&app_id=J012-1751
2018,106,,Albert Escrihuela Cáceres,,Spain,W016-8081,20182,https://iaplc.com/gallery/en/image/preview?prefix=20182&app_id=W016-8081
2018,107,,William Ng,黄伟镇,Singapore,W001-8403,20182,https://iaplc.com/gallery/en/image/preview?prefix=20182&app_id=W001-8403
2018,108,,Wai Sun Chow,鄒維新,"Hong Kong, China",W019-7628,20182,https://iaplc.com/gallery/en/image/preview?prefix=20182&app_id=W019-7628
2018,110,,Douming Mok,,Canada,W001-3226,20182,https://iaplc.com/gallery/en/image/preview?prefix=20182&app_id=W001-3226
2018,111,,Kazuya Kato,カトウ カズヤ,Japan,J015-7176,20182,https://iaplc.com/gallery/en/image/preview?prefix=20182&app_id=J015-7176
2018,112,,Thorsten Peetz,,Germany,W004-8480,20182,https://iaplc.com/gallery/en/image/preview?prefix=20182&app_id=W004-8480
2018,113,,Alessandro Mascolo,,Italy,W005-8452,20182,https://iaplc.com/gallery/en/image/preview?prefix=20182&app_id=W005-8452
2018,114,,Jing Di Ciou,邱敬迪,Chinese Taipei,W005-1959,20182,https://iaplc.com/gallery/en/image/preview?prefix=20182&app_id=W005-1959
2018,115,,Jean Ricardo Olinik,,Brazil,W015-8589,20182,https://iaplc.com/gallery/en/image/preview?prefix=20182&app_id=W015-8589
2018,116,,Jiahao Li,李家豪,Chinese Taipei,W006-8717,20182,https://iaplc.com/gallery/en/image/preview?prefix=20182&app_id=W006-8717
2018,117,,Chan Fei Lao,劉振飛,"Macau, China",W007-6846,20182,https://iaplc.com/gallery/en/image/preview?prefix=20182&app_id=W007-6846
2018,118,,Simone Castagnoli,,Italy,W019-1211,20182,https://iaplc.com/gallery/en/image/preview?prefix=20182&app_id=W019-1211
2018,119,,Xiaofei Zhang,张笑飞,People’s Republic of China,W014-5811,20182,https://iaplc.com/gallery/en/image/preview?prefix=20182&app_id=W014-5811
2018,120,,Gaizka Lambarri,,Spain,W019-6170,20182,https://iaplc.com/gallery/en/image/preview?prefix=20182&app_id=W019-6170
2018,121,,Mariko Imada,今田 真理子,Japan,J018-4081,20182,https://iaplc.com/gallery/en/image/preview?prefix=20182&app_id=J018-4081
2018,122,,Lafaiete Franco,,Brazil,W016-7117,20182,https://iaplc.com/gallery/en/image/preview?prefix=20182&app_id=W016-7117
2018,123,,Đang Duy Khanh,,Vietnam,W005-2626,20182,https://iaplc.com/gallery/en/image/preview?prefix=20182&app_id=W005-2626
2018,124,,Diego Perez,,Brazil,W018-4285,20182,https://iaplc.com/gallery/en/image/preview?prefix=20182&app_id=W018-4285
2018,125,,Hiroaki Kanzaki,神崎 浩彰,Japan,W027-0353,20181,https://iaplc.com/gallery/en/image/preview?prefix=20181&app_id=W027-0353
2018,126,,Harry Kwong,,"Hong Kong, China",W007-7118,20182,https://iaplc.com/gallery/en/image/preview?prefix=20182&app_id=W007-7118
2018,127,,Shervin Mashreghi Moghaddam,,Islamic Republic of Iran,W000-9781,20182,https://iaplc.com/gallery/en/image/preview?prefix=20182&app_id=W000-9781
2018,128,,Chao Wang,王超,People’s Republic of China,W015-8262,20182,https://iaplc.com/gallery/en/image/preview?prefix=20182&app_id=W015-8262
2018,129,,Katsuki Tanaka,タナカ カツキ,Japan,J018-1625,20182,https://iaplc.com/gallery/en/image/preview?prefix=20182&app_id=J018-1625
2018,131,,Hoang Thanh Nguyen,,Vietnam,W007-4954,20182,https://iaplc.com/gallery/en/image/preview?prefix=20182&app_id=W007-4954
2018,134,,Ismael Aguilar Soria,,Spain,W016-9878,20182,https://iaplc.com/gallery/en/image/preview?prefix=20182&app_id=W016-9878
2018,135,,王方豪,王方豪,Chinese Taipei,W018-9651,20182,https://iaplc.com/gallery/en/image/preview?prefix=20182&app_id=W018-9651
2018,136,,Andreas Ruppert-Flerlage,,Germany,W002-3586,20182,https://iaplc.com/gallery/en/image/preview?prefix=20182&app_id=W002-3586
2018,137,,Silvino Viegas,,Portugal,W014-2492,20182,https://iaplc.com/gallery/en/image/preview?prefix=20182&app_id=W014-2492
2018,138,,Jamal Udin,,Indonesia,W008-6688,20182,https://iaplc.com/gallery/en/image/preview?prefix=20182&app_id=W008-6688
2018,140,,Angel Fernandez Garcia,,Spain,W017-5790,20182,https://iaplc.com/gallery/en/image/preview?prefix=20182&app_id=W017-5790
2018,141,,Masashi Ono,小野 昌志,Japan,J019-6825,20182,https://iaplc.com/gallery/en/image/preview?prefix=20182&app_id=J019-6825
2018,142,,Hidekazu Tsukiji,築地 秀和,Japan,J002-9032,20182,https://iaplc.com/gallery/en/image/preview?prefix=20182&app_id=J002-9032
2018,143,,Jirawong Laopiyasakul,,Thailand,W003-6979,20182,https://iaplc.com/gallery/en/image/preview?prefix=20182&app_id=W003-6979
2018,144,,Gian Lim Choong,钟健霖,Malaysia,W004-7501,20182,https://iaplc.com/gallery/en/image/preview?prefix=20182&app_id=W004-7501
2018,145,,Young-Ju Lee,李煐周,Republic of Korea,W015-0109,20182,https://iaplc.com/gallery/en/image/preview?prefix=20182&app_id=W015-0109
2018,146,,Marcelo Takeno,,Brazil,W016-6753,20182,https://iaplc.com/gallery/en/image/preview?prefix=20182&app_id=W016-6753
2018,147,,Taiga Goto,後藤 大河,Japan,J016-1821,20182,https://iaplc.com/gallery/en/image/preview?prefix=20182&app_id=J016-1821
2018,148,,Han Wee Phung FREEMAN,,Malaysia,W001-9606,20182,https://iaplc.com/gallery/en/image/preview?prefix=20182&app_id=W001-9606
2018,149,,Carlos Guerrero,,Spain,W009-9029,20182,https://iaplc.com/gallery/en/image/preview?prefix=20182&app_id=W009-9029
2018,150,,Xiaojiang Song,宋晓江,People’s Republic of China,W002-2161,20182,https://iaplc.com/gallery/en/image/preview?prefix=20182&app_id=W002-2161
2018,151,,Zuhao Yang,杨祖皓,People’s Republic of China,W012-5267,20182,https://iaplc.com/gallery/en/image/preview?prefix=20182&app_id=W012-5267
2018,153,,Darren Phang,,Singapore,W011-4918,20182,https://iaplc.com/gallery/en/image/preview?prefix=20182&app_id=W011-4918
2018,154,,Fanden Aqua,,Chinese Taipei,W017-1796,20182,https://iaplc.com/gallery/en/image/preview?prefix=20182&app_id=W017-1796
2018,155,,Junfeng Ge,葛俊峰,People’s Republic of China,W010-7794,20182,https://iaplc.com/gallery/en/image/preview?prefix=20182&app_id=W010-7794
2018,156,,Lihong Cheng,程力宏,People’s Republic of China,W009-8985,20182,https://iaplc.com/gallery/en/image/preview?prefix=20182&app_id=W009-8985
2018,158,,Chris Fan,范純舜,Chinese Taipei,W013-2010,20182,https://iaplc.com/gallery/en/image/preview?prefix=20182&app_id=W013-2010
2018,159,,Wui Lap Thow,,Australia,W010-8558,20182,https://iaplc.com/gallery/en/image/preview?prefix=20182&app_id=W010-8558
2018,160,,Wei Haun Ho,,Malaysia,W017-0928,20182,https://iaplc.com/gallery/en/image/preview?prefix=20182&app_id=W017-0928
2018,163,,Rajib Saha,,India,W022-0365,20181,https://iaplc.com/gallery/en/image/preview?prefix=20181&app_id=W022-0365
2018,164,,Michal Jaskowiak,,Poland,W002-9860,20182,https://iaplc.com/gallery/en/image/preview?prefix=20182&app_id=W002-9860
2018,165,,Mạnh Nguyễn Huy Mạnh,,Vietnam,W002-7590,20182,https://iaplc.com/gallery/en/image/preview?prefix=20182&app_id=W002-7590
2018,166,,Wai Keung Wong,,"Hong Kong, China",W005-8722,20182,https://iaplc.com/gallery/en/image/preview?prefix=20182&app_id=W005-8722
2018,167,,Grzegorz Grzegorowski,,Poland,W009-2935,20182,https://iaplc.com/gallery/en/image/preview?prefix=20182&app_id=W009-2935
2018,168,,Tao Feng,冯涛,People’s Republic of China,W010-8947,20182,https://iaplc.com/gallery/en/image/preview?prefix=20182&app_id=W010-8947
2018,169,,Kenshin Tsutsui,筒井 健心,Japan,J022-0376,20181,https://iaplc.com/gallery/en/image/preview?prefix=20181&app_id=J022-0376
2018,170,,Yong Ma,马勇,People’s Republic of China,W014-7263,20182,https://iaplc.com/gallery/en/image/preview?prefix=20182&app_id=W014-7263
2018,171,,Nobuhiko Kawashima,川島 信彦,Japan,J018-7600,20182,https://iaplc.com/gallery/en/image/preview?prefix=20182&app_id=J018-7600
2018,172,,Lluis Arnela Coll,,Spain,W008-4210,20182,https://iaplc.com/gallery/en/image/preview?prefix=20182&app_id=W008-4210
2018,173,,Tieye Wang,,People’s Republic of China,W028-0382,20181,https://iaplc.com/gallery/en/image/preview?prefix=20181&app_id=W028-0382
2018,174,,Zhuowei Liu,刘卓伟,People’s Republic of China,W015-0094,20182,https://iaplc.com/gallery/en/image/preview?prefix=20182&app_id=W015-0094
2018,175,,Jiahui Sun,孙家辉,People’s Republic of China,W017-8493,20182,https://iaplc.com/gallery/en/image/preview?prefix=20182&app_id=W017-8493
2018,176,,Nguyễn Ngọc Hiếu,,Vietnam,W019-2792,20182,https://iaplc.com/gallery/en/image/preview?prefix=20182&app_id=W019-2792
2018,178,,Joe Meng,孟杰,People’s Republic of China,W001-6260,20182,https://iaplc.com/gallery/en/image/preview?prefix=20182&app_id=W001-6260
2018,179,,Sourav Chatterjee,,India,W021-0392,20181,https://iaplc.com/gallery/en/image/preview?prefix=20181&app_id=W021-0392
2018,180,,Emmanuel Bultel,,France,W006-9732,20182,https://iaplc.com/gallery/en/image/preview?prefix=20182&app_id=W006-9732
2018,181,,Puspak Kar,,India,W023-0405,20181,https://iaplc.com/gallery/en/image/preview?prefix=20181&app_id=W023-0405
2018,182,,Oh Sejun,吳世俊,Republic of Korea,W003-5060,20182,https://iaplc.com/gallery/en/image/preview?prefix=20182&app_id=W003-5060
2018,183,,Isao Tsuchida,土田 功,Japan,J008-7041,20182,https://iaplc.com/gallery/en/image/preview?prefix=20182&app_id=J008-7041
2018,184,,Sean Chen,陳彥希,Chinese Taipei,W014-4463,20182,https://iaplc.com/gallery/en/image/preview?prefix=20182&app_id=W014-4463
2018,185,,Justin Chan,,Canada,W002-5652,20182,https://iaplc.com/gallery/en/image/preview?prefix=20182&app_id=W002-5652
2018,186,,关利伟,关利伟,People’s Republic of China,W002-6156,20182,https://iaplc.com/gallery/en/image/preview?prefix=20182&app_id=W002-6156
2018,187,,Eakthanat Isarathikul,,Thailand,W001-5355,20182,https://iaplc.com/gallery/en/image/preview?prefix=20182&app_id=W001-5355
2018,188,,Caceres Catala,,Spain,W009-6576,20182,https://iaplc.com/gallery/en/image/preview?prefix=20182&app_id=W009-6576
2018,189,,Siak Wee Yeo,杨锡纬,Malaysia,W006-4623,20182,https://iaplc.com/gallery/en/image/preview?prefix=20182&app_id=W006-4623
2018,190,,Ryo Iwabuchi,岩渕 凌,Japan,J002-5963,20182,https://iaplc.com/gallery/en/image/preview?prefix=20182&app_id=J002-5963
2018,191,,Camille Paloc,,France,W004-7433,20182,https://iaplc.com/gallery/en/image/preview?prefix=20182&app_id=W004-7433
2018,192,,Hiroyuki Fukuda,福田 浩之,Japan,J013-5473,20182,https://iaplc.com/gallery/en/image/preview?prefix=20182&app_id=J013-5473
2018,193,,Brad Turner,,Australia,W006-4849,20182,https://iaplc.com/gallery/en/image/preview?prefix=20182&app_id=W006-4849
2018,194,,Marçal Galí Bohera,,Spain,W007-6966,20182,https://iaplc.com/gallery/en/image/preview?prefix=20182&app_id=W007-6966
2018,195,,Nikolay Mazur,,Ukraine,W028-0038,20182,https://iaplc.com/gallery/en/image/preview?prefix=20182&app_id=W028-0038
2018,196,,Javier Lecuna,,Mexico,W016-1681,20182,https://iaplc.com/gallery/en/image/preview?prefix=20182&app_id=W016-1681
2018,197,,Ju Zhang,张举,People’s Republic of China,W019-5188,20182,https://iaplc.com/gallery/en/image/preview?prefix=20182&app_id=W019-5188
2018,198,,Ryo Yoshida,吉田 リョウ,Japan,J023-0418,20181,https://iaplc.com/gallery/en/image/preview?prefix=20181&app_id=J023-0418
2018,199,,Quangminh Nguyen,,Vietnam,W010-9862,20182,https://iaplc.com/gallery/en/image/preview?prefix=20182&app_id=W010-9862
2018,200,,Miguel Angel García,,Spain,W016-1298,20182,https://iaplc.com/gallery/en/image/preview?prefix=20182&app_id=W016-1298
2018,202,,Chau Vinh Luan,,Vietnam,W015-2569,20182,https://iaplc.com/gallery/en/image/preview?prefix=20182&app_id=W015-2569
2018,204,,Yi Ming Hsieh,謝一鳴,Chinese Taipei,W015-0946,20182,https://iaplc.com/gallery/en/image/preview?prefix=20182&app_id=W015-0946
2018,205,,Marcos Ceprián González,,Spain,W000-3267,20182,https://iaplc.com/gallery/en/image/preview?prefix=20182&app_id=W000-3267
2018,206,,Takashi Hosoda,細田 孝志,Japan,J003-2170,20182,https://iaplc.com/gallery/en/image/preview?prefix=20182&app_id=J003-2170
2018,207,,Daiki Suzuki,鈴木 大樹,Japan,J024-0429,20181,https://iaplc.com/gallery/en/image/preview?prefix=20181&app_id=J024-0429
2018,208,,Kazuma Takeuchi,竹内 一馬,Japan,J014-6141,20182,https://iaplc.com/gallery/en/image/preview?prefix=20182&app_id=J014-6141
2018,209,,欧欢,欧欢,People’s Republic of China,W011-4864,20182,https://iaplc.com/gallery/en/image/preview?prefix=20182&app_id=W011-4864
2018,210,,Hiroshi Ishimaru,石丸 浩史,Japan,J013-2477,20182,https://iaplc.com/gallery/en/image/preview?prefix=20182&app_id=J013-2477
2018,211,,Tzer Yuan Kong,江泽园,Malaysia,W017-1171,20182,https://iaplc.com/gallery/en/image/preview?prefix=20182&app_id=W017-1171
2018,212,,Tatsuya Uchide,内出 達矢,Japan,J010-6059,20182,https://iaplc.com/gallery/en/image/preview?prefix=20182&app_id=J010-6059
2018,213,,Nat Attavirojanakorn,,Thailand,W014-7781,20182,https://iaplc.com/gallery/en/image/preview?prefix=20182&app_id=W014-7781
2018,214,,Xavi Trulls,,Spain,W009-0729,20182,https://iaplc.com/gallery/en/image/preview?prefix=20182&app_id=W009-0729
2018,215,,Valeriy Nemashkalo,,Ukraine,W008-1051,20182,https://iaplc.com/gallery/en/image/preview?prefix=20182&app_id=W008-1051
2018,216,,Oleg Krachkovskiy,,Ukraine,W003-1876,20182,https://iaplc.com/gallery/en/image/preview?prefix=20182&app_id=W003-1876
2018,217,,Yasutoshi Ota,太田 泰俊,Japan,J003-2520,20182,https://iaplc.com/gallery/en/image/preview?prefix=20182&app_id=J003-2520
2018,218,,Kanin Kiatjaroonsiri,,Thailand,W001-6671,20182,https://iaplc.com/gallery/en/image/preview?prefix=20182&app_id=W001-6671
2018,219,,Aya Aoki,青木 あや,Japan,J001-6913,20182,https://iaplc.com/gallery/en/image/preview?prefix=20182&app_id=J001-6913
2018,220,,Yan Shi,石岩,People’s Republic of China,W006-3925,20181,https://iaplc.com/gallery/en/image/preview?prefix=20181&app_id=W006-3925
2018,221,,Kai Wai Chen,陳佳懷,"Hong Kong, China",W013-2164,20182,https://iaplc.com/gallery/en/image/preview?prefix=20182&app_id=W013-2164
2018,222,,Luong Quoc Hung,,Vietnam,W003-5814,20182,https://iaplc.com/gallery/en/image/preview?prefix=20182&app_id=W003-5814
2018,224,,Youngmin Cho,趙永民,Republic of Korea,W011-4207,20182,https://iaplc.com/gallery/en/image/preview?prefix=20182&app_id=W011-4207
2018,225,,Zui Seng Neo,梁瑞成,Malaysia,W007-4450,20182,https://iaplc.com/gallery/en/image/preview?prefix=20182&app_id=W007-4450
2018,226,,Maciej Musial,,Poland,W011-8174,20182,https://iaplc.com/gallery/en/image/preview?prefix=20182&app_id=W011-8174
2018,227,,Shota Suzuki,鈴木 翔太,Japan,J008-2263,20182,https://iaplc.com/gallery/en/image/preview?prefix=20182&app_id=J008-2263
2018,228,,Shinichi Saito,斉藤 慎一,Japan,J027-0438,20181,https://iaplc.com/gallery/en/image/preview?prefix=20181&app_id=J027-0438
2018,230,,Viktor Lang,,Hungary,W004-2809,20182,https://iaplc.com/gallery/en/image/preview?prefix=20182&app_id=W004-2809
2018,231,,Jorge Humberto Hurtado,,Mexico,W011-4303,20182,https://iaplc.com/gallery/en/image/preview?prefix=20182&app_id=W011-4303
2018,232,,Asako Wada,和田 明咲子,Japan,J020-0446,20181,https://iaplc.com/gallery/en/image/preview?prefix=20181&app_id=J020-0446
2018,233,,Angelito Hernandez,,Philippines,W006-4764,20182,https://iaplc.com/gallery/en/image/preview?prefix=20182&app_id=W006-4764
2018,234,,Vasileios Pagourtzis,,Sweden,W017-6360,20182,https://iaplc.com/gallery/en/image/preview?prefix=20182&app_id=W017-6360
2018,235,,Hoàn Trần Đình,,Vietnam,W010-7398,20182,https://iaplc.com/gallery/en/image/preview?prefix=20182&app_id=W010-7398
2018,236,,禤东升,禤东升,People’s Republic of China,W010-5828,20182,https://iaplc.com/gallery/en/image/preview?prefix=20182&app_id=W010-5828
2018,237,,Yorikatsu Kondo,近藤 頼勝,Japan,J000-0274,20182,https://iaplc.com/gallery/en/image/preview?prefix=20182&app_id=J000-0274
2018,238,,Jurijs Jutjajevs,,Germany,W024-0119,20182,https://iaplc.com/gallery/en/image/preview?prefix=20182&app_id=W024-0119
2018,239,,Syahir Mansor,,Malaysia,W012-9467,20182,https://iaplc.com/gallery/en/image/preview?prefix=20182&app_id=W012-9467
2018,240,,Wichian Janjira,,Thailand,W018-7225,20182,https://iaplc.com/gallery/en/image/preview?prefix=20182&app_id=W018-7225
2018,241,,Masahiro Tayama,田山 勝浩,Japan,J001-2513,20182,https://iaplc.com/gallery/en/image/preview?prefix=20182&app_id=J001-2513
2018,242,,Shinji Fujieda,藤枝 信治,Japan,J028-0453,20181,https://iaplc.com/gallery/en/image/preview?prefix=20181&app_id=J028-0453
2018,243,,Motoi Shimakura,島倉 基,Japan,J017-6599,20182,https://iaplc.com/gallery/en/image/preview?prefix=20182&app_id=J017-6599
2018,244,,Manuel Losada Montesinos,,Spain,W015-3130,20182,https://iaplc.com/gallery/en/image/preview?prefix=20182&app_id=W015-3130
2018,245,,Madhunita Chatterjee,,India,W022-0461,20181,https://iaplc.com/gallery/en/image/preview?prefix=20181&app_id=W022-0461
2018,246,,John Zhang,張振明,United States of America,W016-4166,20182,https://iaplc.com/gallery/en/image/preview?prefix=20182&app_id=W016-4166
2018,247,,Yoshitomo Sogabe,曽我部 孔友,Japan,J010-2583,20182,https://iaplc.com/gallery/en/image/preview?prefix=20182&app_id=J010-2583
2018,248,,Yuichi Oka,岡 祐一,Japan,J008-5933,20182,https://iaplc.com/gallery/en/image/preview?prefix=20182&app_id=J008-5933
2018,249,,Chan Hee Boon,文建喜,Malaysia,W005-6138,20182,https://iaplc.com/gallery/en/image/preview?prefix=20182&app_id=W005-6138
2018,250,,Thao Mai,,Vietnam,W007-3140,20182,https://iaplc.com/gallery/en/image/preview?prefix=20182&app_id=W007-3140
2018,251,,Fabian Kussakawa,,Brazil,W011-9363,20182,https://iaplc.com/gallery/en/image/preview?prefix=20182&app_id=W011-9363
2018,253,,Tsai Hung Pin,蔡宏濱,Chinese Taipei,W012-6429,20182,https://iaplc.com/gallery/en/image/preview?prefix=20182&app_id=W012-6429
2018,254,,Anh Nguyen Dinh,,Vietnam,W018-7633,20182,https://iaplc.com/gallery/en/image/preview?prefix=20182&app_id=W018-7633
2018,255,,Qi Zhang,张琪,People’s Republic of China,W007-3918,20182,https://iaplc.com/gallery/en/image/preview?prefix=20182&app_id=W007-3918
2018,256,,Agus Sadino,,Indonesia,W006-9693,20182,https://iaplc.com/gallery/en/image/preview?prefix=20182&app_id=W006-9693
2018,257,,Masami Matsumoto,松本 正美,Japan,J022-0473,20181,https://iaplc.com/gallery/en/image/preview?prefix=20181&app_id=J022-0473
2018,259,,Lin Li,李林,People’s Republic of China,W005-8289,20182,https://iaplc.com/gallery/en/image/preview?prefix=20182&app_id=W005-8289
2018,260,,Haruji Takee,武江 春治,Japan,J022-0483,20181,https://iaplc.com/gallery/en/image/preview?prefix=20181&app_id=J022-0483
2018,261,,Adam Paszczela,,Poland,W000-0080,20182,https://iaplc.com/gallery/en/image/preview?prefix=20182&app_id=W000-0080
2018,262,,Artem Rashchenko,,Russian Federation,W019-3542,20182,https://iaplc.com/gallery/en/image/preview?prefix=20182&app_id=W019-3542
2018,263,,Vadim Sovkov,,Russian Federation,W006-4280,20182,https://iaplc.com/gallery/en/image/preview?prefix=20182&app_id=W006-4280
2018,264,,Takuro Dana,田名 拓朗,Japan,J005-0704,20182,https://iaplc.com/gallery/en/image/preview?prefix=20182&app_id=J005-0704
2018,266,,Edgar Emmanuel Alatorre Becerra,,Mexico,W007-6852,20182,https://iaplc.com/gallery/en/image/preview?prefix=20182&app_id=W007-6852
2018,267,,Nobuyuki Hosokawa,細川 信行,Japan,J022-0495,20181,https://iaplc.com/gallery/en/image/preview?prefix=20181&app_id=J022-0495
2018,269,,Florian Breindl,,Germany,W004-7183,20182,https://iaplc.com/gallery/en/image/preview?prefix=20182&app_id=W004-7183
2018,270,,Rafael Valim,,Brazil,W012-2908,20182,https://iaplc.com/gallery/en/image/preview?prefix=20182&app_id=W012-2908
2018,271,,Javier Castro,,Spain,W007-4751,20182,https://iaplc.com/gallery/en/image/preview?prefix=20182&app_id=W007-4751
2018,272,,Midori Maruyama,丸山 みどり,Japan,J020-0506,20181,https://iaplc.com/gallery/en/image/preview?prefix=20181&app_id=J020-0506
2018,273,,Syarifuddin Udin,,Indonesia,W002-0641,20182,https://iaplc.com/gallery/en/image/preview?prefix=20182&app_id=W002-0641
2018,274,,Jishnu Raveendran,,Qatar,W025-0519,20181,https://iaplc.com/gallery/en/image/preview?prefix=20181&app_id=W025-0519
2018,275,,Hiroyasu Makino,牧野 浩靖,Japan,J013-7771,20182,https://iaplc.com/gallery/en/image/preview?prefix=20182&app_id=J013-7771
2018,276,,Ryoji Ozawa,小澤 良二,Japan,J025-0523,20181,https://iaplc.com/gallery/en/image/preview?prefix=20181&app_id=J025-0523
2018,278,,John Pini,,United States of America,W015-4041,20182,https://iaplc.com/gallery/en/image/preview?prefix=20182&app_id=W015-4041
2018,279,,Minoru Yamagishi,山岸 實,Japan,J027-0532,20181,https://iaplc.com/gallery/en/image/preview?prefix=20181&app_id=J027-0532
2018,280,,Dexter Tan,陈忠德,Malaysia,W015-4146,20182,https://iaplc.com/gallery/en/image/preview?prefix=20182&app_id=W015-4146
2018,281,,Ondřej Vláčil,,Czech Republic,W019-6376,20182,https://iaplc.com/gallery/en/image/preview?prefix=20182&app_id=W019-6376
2018,282,,Pornsan Phuthong,,Thailand,W002-5243,20182,https://iaplc.com/gallery/en/image/preview?prefix=20182&app_id=W002-5243
2018,283,,Zapartan Flaviu,,Romania,W011-3172,20182,https://iaplc.com/gallery/en/image/preview?prefix=20182&app_id=W011-3172
2018,284,,Andi Wahyu,,Indonesia,W004-9627,20182,https://iaplc.com/gallery/en/image/preview?prefix=20182&app_id=W004-9627
2018,285,,Ghazanfar Ghori,,United States of America,W004-9688,20182,https://iaplc.com/gallery/en/image/preview?prefix=20182&app_id=W004-9688
2018,286,,Mikio Yamada,山田 幹夫,Japan,J022-0544,20181,https://iaplc.com/gallery/en/image/preview?prefix=20181&app_id=J022-0544
2018,287,,Jun Zun Ming Dan Shi,石俊銘,Chinese Taipei,W007-2134,20182,https://iaplc.com/gallery/en/image/preview?prefix=20182&app_id=W007-2134
2018,288,,Stjepan Erdeljic,,Croatia,W000-5620,20182,https://iaplc.com/gallery/en/image/preview?prefix=20182&app_id=W000-5620
2018,289,,Yusuke Ito,伊藤 優佑,Japan,J008-9157,20182,https://iaplc.com/gallery/en/image/preview?prefix=20182&app_id=J008-9157
2018,290,,Hesen Ye,叶和森,People’s Republic of China,W015-9581,20182,https://iaplc.com/gallery/en/image/preview?prefix=20182&app_id=W015-9581
2018,291,,Jordy Jr. Midel,,Philippines,W013-4521,20182,https://iaplc.com/gallery/en/image/preview?prefix=20182&app_id=W013-4521
2018,292,,Flavio Henard Jorge De Freitas,,Brazil,W012-7057,20182,https://iaplc.com/gallery/en/image/preview?prefix=20182&app_id=W012-7057
2018,293,,Samuele Gamberini,,Italy,W006-0415,20182,https://iaplc.com/gallery/en/image/preview?prefix=20182&app_id=W006-0415
2018,294,,Gregory Thom,,Brazil,W014-1279,20182,https://iaplc.com/gallery/en/image/preview?prefix=20182&app_id=W014-1279
2018,295,,Fiona Tu,涂依伶,United States of America,W010-4007,20182,https://iaplc.com/gallery/en/image/preview?prefix=20182&app_id=W010-4007
2018,296,,Silviu Eugen Filimon,,Romania,W019-1438,20182,https://iaplc.com/gallery/en/image/preview?prefix=20182&app_id=W019-1438
2018,297,,Gu Jungmin,구정민,Republic of Korea,W016-2151,20182,https://iaplc.com/gallery/en/image/preview?prefix=20182&app_id=W016-2151
2018,298,,Beny Rafika,,Indonesia,W016-3254,20182,https://iaplc.com/gallery/en/image/preview?prefix=20182&app_id=W016-3254
2018,299,,Nobutomo Otake,大竹 伸知,Japan,J022-0553,20181,https://iaplc.com/gallery/en/image/preview?prefix=20181&app_id=J022-0553
2018,300,,Rennier Katigbak,,Philippines,W013-3020,20182,https://iaplc.com/gallery/en/image/preview?prefix=20182&app_id=W013-3020
2018,301,,Luis Miguel Benito,,Spain,W000-2278,20182,https://iaplc.com/gallery/en/image/preview?prefix=20182&app_id=W000-2278
2018,302,,Chia-Hung Hung,洪嘉鴻,Chinese Taipei,W013-3124,20182,https://iaplc.com/gallery/en/image/preview?prefix=20182&app_id=W013-3124
2018,303,,Kristopher Gagarin,,Philippines,W014-2805,20182,https://iaplc.com/gallery/en/image/preview?prefix=20182&app_id=W014-2805
2018,304,,Guanqun Ma,马冠群,People’s Republic of China,W019-5343,20182,https://iaplc.com/gallery/en/image/preview?prefix=20182&app_id=W019-5343
2018,305,,Fabio Bassetto,,Italy,W003-8524,20182,https://iaplc.com/gallery/en/image/preview?prefix=20182&app_id=W003-8524
2018,306,,Jean-Christophe Grosset,,France,W009-8171,20182,https://iaplc.com/gallery/en/image/preview?prefix=20182&app_id=W009-8171
2018,307,,Andras Juhasz,,Hungary,W003-3975,20182,https://iaplc.com/gallery/en/image/preview?prefix=20182&app_id=W003-3975
2018,309,,Antonio Fernandez,,Mexico,W012-2788,20182,https://iaplc.com/gallery/en/image/preview?prefix=20182&app_id=W012-2788
2018,310,,Sei Tomoda,友田 聖,Japan,J029-0569,20181,https://iaplc.com/gallery/en/image/preview?prefix=20181&app_id=J029-0569
2018,311,,Kim-David Kemperdick,,Germany,W002-4236,20182,https://iaplc.com/gallery/en/image/preview?prefix=20182&app_id=W002-4236
2018,312,,Sercan Aysel,,Turkey,W002-2475,20182,https://iaplc.com/gallery/en/image/preview?prefix=20182&app_id=W002-2475
2018,314,,Matthew Israel Manes,,Philippines,W016-6221,20182,https://iaplc.com/gallery/en/image/preview?prefix=20182&app_id=W016-6221
2018,315,,Kuo Hung Liao,廖國宏,Chinese Taipei,W001-0197,20182,https://iaplc.com/gallery/en/image/preview?prefix=20182&app_id=W001-0197
2018,316,,Jian Jyun Liao,廖健鈞,Chinese Taipei,W018-3189,20182,https://iaplc.com/gallery/en/image/preview?prefix=20182&app_id=W018-3189
2018,317,,Romel De La Cruz,,Mexico,W013-7415,20182,https://iaplc.com/gallery/en/image/preview?prefix=20182&app_id=W013-7415
2018,318,,Inkyun Ko,高寅均,Republic of Korea,W016-0772,20182,https://iaplc.com/gallery/en/image/preview?prefix=20182&app_id=W016-0772
2018,319,,Hitoshi Naruse,成瀬 仁,Japan,J010-6958,20182,https://iaplc.com/gallery/en/image/preview?prefix=20182&app_id=J010-6958
2018,320,,Xu Dong Zhang,张旭东,People’s Republic of China,W009-8399,20182,https://iaplc.com/gallery/en/image/preview?prefix=20182&app_id=W009-8399
2018,321,,Han Li,李寒,People’s Republic of China,W018-7020,20182,https://iaplc.com/gallery/en/image/preview?prefix=20182&app_id=W018-7020
2018,322,,Łukasz Kucharski,,Poland,W006-5569,20182,https://iaplc.com/gallery/en/image/preview?prefix=20182&app_id=W006-5569
2018,323,,Oreste Felicità,,Italy,W002-4656,20182,https://iaplc.com/gallery/en/image/preview?prefix=20182&app_id=W002-4656
2018,324,,Sigve Sigve Monsen,,Norway,W019-6417,20182,https://iaplc.com/gallery/en/image/preview?prefix=20182&app_id=W019-6417
2018,325,,Budianto Surya,,Indonesia,W009-3947,20182,https://iaplc.com/gallery/en/image/preview?prefix=20182&app_id=W009-3947
2018,326,,Anna Elmqvist,,Sweden,W007-4857,20182,https://iaplc.com/gallery/en/image/preview?prefix=20182&app_id=W007-4857
2018,327,,Marcin Bielak,,Poland,W007-4481,20182,https://iaplc.com/gallery/en/image/preview?prefix=20182&app_id=W007-4481
